Name,Rating,Price Currency,Price,UPC,# Avilable,# of Review,Category
A Light in the Attic,3,£,51.77,a897fe39b1053632,22,0,Poetry
Tipping the Velvet,1,£,53.74,90fa61229261140a,20,0,Historical Fiction
Soumission,1,£,50.1,6957f44c3847a760,20,0,Fiction
Sharp Objects,4,£,47.82,e00eb4fd7b871a48,20,0,Mystery
Sapiens: A Brief History of Humankind,5,£,54.23,4165285e1663650f,20,0,History
The Requiem Red,1,£,22.65,f77dbf2323deb740,19,0,Young Adult
The Dirty Little Secrets of Getting Your Dream Job,4,£,33.34,2597b5a345f45e1b,19,0,Business
"The Coming Woman: A Novel Based on the Life of the Infamous Feminist, Victoria Woodhull",3,£,17.93,e72a5dfc7e9267b2,19,0,Default
The Boys in the Boat: Nine Americans and Their Epic Quest for Gold at the 1936 Berlin Olympics,4,£,22.6,e10e1e165dc8be4a,19,0,Default
The Black Maria,1,£,52.15,1dfe412b8ac00530,19,0,Poetry
"Starving Hearts (Triangular Trade Trilogy, #1)",2,£,13.99,0312262ecafa5a40,19,0,Default
Shakespeare's Sonnets,4,£,20.66,30a7f60cd76ca58c,19,0,Poetry
Set Me Free,5,£,17.46,ce6396b0f23f6ecc,19,0,Young Adult
Scott Pilgrim's Precious Little Life (Scott Pilgrim #1),5,£,52.29,3b1c02bac2a429e6,19,0,Sequential Art
Rip it Up and Start Again,5,£,35.02,a34ba96d4081e6a4,19,0,Music
"Our Band Could Be Your Life: Scenes from the American Indie Underground, 1981-1991",3,£,57.25,deda3e61b9514b83,19,0,Music
Olio,1,£,23.88,feb7cc7701ecf901,19,0,Poetry
Mesaerion: The Best Science Fiction Stories 1800-1849,1,£,37.59,e30f54cea9b38190,19,0,Science Fiction
Libertarianism for Beginners,2,£,51.33,a18a4f574854aced,19,0,Politics
It's Only the Himalayas,2,£,45.17,a22124811bfa8350,19,0,Travel
In Her Wake,1,£,12.84,23356462d1320d61,19,0,Thriller
How Music Works,2,£,37.32,327f68a59745c102,19,0,Music
"Foolproof Preserving: A Guide to Small Batch Jams, Jellies, Pickles, Condiments, and More: A Foolproof Guide to Making Small Batch Jams, Jellies, Pickles, Condiments, and More",3,£,30.52,5674a18a29a43ced,19,0,Food and Drink
Chase Me (Paris Nights #2),5,£,25.27,c2e46a2ee3b4a322,19,0,Romance
Black Dust,5,£,34.53,00bfed9e18bb36f3,19,0,Romance
Birdsong: A Story in Pictures,3,£,54.64,9528d0948525bf5f,19,0,Childrens
America's Cradle of Quarterbacks: Western Pennsylvania's Football Factory from Johnny Unitas to Joe Montana,3,£,22.5,c7d160c2c0de586f,19,0,Default
Aladdin and His Wonderful Lamp,3,£,53.13,904208d6aa64b655,19,0,Default
Worlds Elsewhere: Journeys Around Shakespeareâs Globe,5,£,40.3,4c28def39d850cdf,18,0,Nonfiction
Wall and Piece,4,£,44.18,ccd9ffa25efabdea,18,0,Art
The Four Agreements: A Practical Guide to Personal Freedom,5,£,17.66,6258a1f6a6dcfe50,18,0,Spirituality
The Five Love Languages: How to Express Heartfelt Commitment to Your Mate,3,£,31.05,3c039985229453bf,18,0,Nonfiction
The Elephant Tree,5,£,23.82,5dada2b7be26bd03,18,0,Thriller
The Bear and the Piano,1,£,36.89,9f6568e9c95f60b0,18,0,Childrens
Sophie's World,5,£,15.94,6be3beb0793a53e7,18,0,Philosophy
Penny Maybe,3,£,33.29,668fe56b17cfcd4f,18,0,Default
Maude (1883-1993):She Grew Up with the country,2,£,18.02,094b269567e1c300,18,0,Default
"In a Dark, Dark Wood",1,£,19.63,19ed25f4641d5efd,18,0,Mystery
Behind Closed Doors,4,£,52.22,be5cc846f45496fb,18,0,Thriller
You can't bury them all: Poems,2,£,33.63,55f9da0c5eea2e10,17,0,Poetry
Slow States of Collapse: Poems,3,£,57.31,b4fd5943413e089a,17,0,Poetry
Reasons to Stay Alive,2,£,26.41,c8f7f0cb1abb9cac,17,0,Nonfiction
Private Paris (Private #10),5,£,47.61,b12b89017878a60d,17,0,Fiction
#HigherSelfie: Wake Up Your Life. Free Your Soul. Find Your Tribe.,5,£,23.11,c27f6e1f185b0383,17,0,Nonfiction
Without Borders (Wanderlove #1),2,£,45.07,acddfeab2a407640,16,0,New Adult
When We Collided,1,£,31.77,3ecb690d1542c568,16,0,Contemporary
"We Love You, Charlie Freeman",5,£,50.27,8d455c7539795d2a,16,0,Fiction
Untitled Collection: Sabbath Poems 2014,4,£,14.27,657fe5ead67a7767,16,0,Poetry
"Unseen City: The Majesty of Pigeons, the Discreet Charm of Snails & Other Wonders of the Urban Wilderness",4,£,44.18,d170b5a0da46380e,16,0,Nonfiction
Unicorn Tracks,3,£,18.78,7ae099f3898e0209,16,0,Fantasy
"Unbound: How Eight Technologies Made Us Human, Transformed Society, and Brought Our World to the Brink",1,£,25.52,9a9d6e9bc555731e,16,0,History
Tsubasa: WoRLD CHRoNiCLE 2 (Tsubasa WoRLD CHRoNiCLE #2),1,£,16.28,09555be379ad9253,16,0,Sequential Art
Throwing Rocks at the Google Bus: How Growth Became the Enemy of Prosperity,3,£,31.12,7858914fad68493c,16,0,Nonfiction
This One Summer,4,£,19.49,51653ef291ab7ddc,16,0,Sequential Art
Thirst,5,£,17.27,709822d0b5bcb7f4,16,0,Fiction
The Torch Is Passed: A Harding Family Story,1,£,19.09,4eed62cf5f8d8edf,16,0,Add a comment
The Secret of Dreadwillow Carse,1,£,56.13,b5ea0b5dabed25a8,16,0,Childrens
"The Pioneer Woman Cooks: Dinnertime: Comfort Classics, Freezer Food, 16-Minute Meals, and Other Delicious Ways to Solve Supper!",1,£,56.41,142d767a56a9254d,16,0,Food and Drink
The Past Never Ends,4,£,56.5,5ee94540d0749ea0,16,0,Mystery
The Natural History of Us (The Fine Art of Pretending #2),3,£,45.22,cedf82b5086e4691,16,0,Young Adult
The Nameless City (The Nameless City #1),4,£,38.16,7d385d34d12e60ff,16,0,Sequential Art
The Murder That Never Was (Forensic Instincts #5),3,£,54.11,d01ac97e2b8947c2,16,0,Fiction
The Most Perfect Thing: Inside (and Outside) a Bird's Egg,4,£,42.96,aadee1c326d286e3,16,0,Science
"The Mindfulness and Acceptance Workbook for Anxiety: A Guide to Breaking Free from Anxiety, Phobias, and Worry Using Acceptance and Commitment Therapy",4,£,23.89,31075275518532d7,16,0,Add a comment
The Life-Changing Magic of Tidying Up: The Japanese Art of Decluttering and Organizing,3,£,16.77,0da9aa9d24677fc0,16,0,Nonfiction
"The Inefficiency Assassin: Time Management Tactics for Working Smarter, Not Longer",5,£,20.59,8c9e6bf2467d740d,16,0,Default
The Gutsy Girl: Escapades for Your Life of Epic Adventure,1,£,37.13,acd86a5426e21ca0,16,0,Nonfiction
The Electric Pencil: Drawings from Inside State Hospital No. 3,1,£,56.06,a30b270e25489e5c,16,0,Nonfiction
The Death of Humanity: and the Case for Life,4,£,58.11,bd261725b99f5983,16,0,Philosophy
"The Bulletproof Diet: Lose up to a Pound a Day, Reclaim Energy and Focus, Upgrade Your Life",3,£,49.05,43c6a960757cf559,16,0,Health
The Art Forger,3,£,40.76,80cfab6bcff3a244,16,0,Add a comment
The Age of Genius: The Seventeenth Century and the Birth of the Modern Mind,1,£,19.73,a3d2a4250807f1e9,16,0,History
The Activist's Tao Te Ching: Ancient Advice for a Modern Revolution,5,£,32.24,7d6d2a6c0276f81b,16,0,Spirituality
Spark Joy: An Illustrated Master Class on the Art of Organizing and Tidying Up,4,£,41.83,87b0615b6e1f4d7b,16,0,Nonfiction
Soul Reader,2,£,39.58,e6af5bf1163c1151,16,0,Default
Security,2,£,39.25,6f78a0d744c35456,16,0,Horror
"Saga, Volume 6 (Saga (Collected Editions) #6)",3,£,25.02,c849f0b2f5d6a742,16,0,Fantasy
"Saga, Volume 5 (Saga (Collected Editions) #5)",2,£,51.04,53a3d11bb568cc8b,16,0,Sequential Art
Reskilling America: Learning to Labor in the Twenty-First Century,2,£,19.83,d7310206583a54b6,16,0,Nonfiction
"Rat Queens, Vol. 3: Demons (Rat Queens (Collected Editions) #11-15)",3,£,50.4,c82a3e358c773c73,16,0,Sequential Art
"Princess Jellyfish 2-in-1 Omnibus, Vol. 01 (Princess Jellyfish 2-in-1 Omnibus #1)",5,£,13.61,0fa6dceead7ce47a,16,0,Sequential Art
Princess Between Worlds (Wide-Awake Princess #5),5,£,13.34,0e691eda369f4e09,16,0,Fantasy
"Pop Gun War, Volume 1: Gift",1,£,18.97,e80f8e518b300dfe,16,0,Sequential Art
"Political Suicide: Missteps, Peccadilloes, Bad Calls, Backroom Hijinx, Sordid Pasts, Rotten Breaks, and Just Plain Dumb Mistakes in the Annals of American Politics",2,£,36.28,7392c0032f92d816,16,0,History
Patience,3,£,10.16,9429b4d59c537af5,16,0,Sequential Art
"Outcast, Vol. 1: A Darkness Surrounds Him (Outcast #1)",4,£,15.44,889139b8e9c4cb36,16,0,Sequential Art
orange: The Complete Collection 1 (orange: The Complete Collection #1),1,£,48.41,11809b1d323b3057,16,0,Sequential Art
Online Marketing for Busy Authors: A Step-By-Step Guide,1,£,46.35,9ffa38d3b832433a,16,0,Self Help
On a Midnight Clear,3,£,14.07,b757c0c361e689ce,16,0,Add a comment
Obsidian (Lux #1),2,£,14.86,3c346ab1e76ae1f6,16,0,Young Adult
My Paris Kitchen: Recipes and Stories,2,£,33.37,784bc2279baa878d,16,0,Food and Drink
Masks and Shadows,2,£,56.4,fa9610a50a1bf149,16,0,Fantasy
"Mama Tried: Traditional Italian Cooking for the Screwed, Crude, Vegan, and Tattooed",4,£,14.02,72f9d5be3472d34e,16,0,Food and Drink
"Lumberjanes, Vol. 2: Friendship to the Max (Lumberjanes #5-8)",2,£,46.91,460089f796fb3f82,16,0,Sequential Art
"Lumberjanes, Vol. 1: Beware the Kitten Holy (Lumberjanes #1-4)",3,£,45.61,b6ee99bcf06fc91f,16,0,Sequential Art
Lumberjanes Vol. 3: A Terrible Plan (Lumberjanes #9-12),2,£,19.92,57e5a4d515c8ce44,16,0,Sequential Art
"Layered: Baking, Building, and Styling Spectacular Cakes",1,£,40.11,7b75cc7f223791f4,16,0,Food and Drink
Judo: Seven Steps to Black Belt (an Introductory Guide for Beginners),2,£,53.9,228f74b74f3a08ae,16,0,Add a comment
Join,5,£,35.67,18ad3ed896c7ce05,16,0,Science Fiction
In the Country We Love: My Family Divided,4,£,22,b136b1b180ca753a,16,0,Nonfiction
Immunity: How Elie Metchnikoff Changed the Course of Modern Medicine,5,£,57.36,e4f74c16de34d440,16,0,Science
"I Hate Fairyland, Vol. 1: Madly Ever After (I Hate Fairyland (Compilations) #1-5)",2,£,29.17,8d4eefad7a2b3915,16,0,Sequential Art
I am a Hero Omnibus Volume 1,3,£,54.63,1c89ae5bb804e4de,16,0,Sequential Art
How to Be Miserable: 40 Strategies You Already Use,1,£,46.03,a6f99b9e687f9d46,16,0,Self Help
Her Backup Boyfriend (The Sorensen Family #1),1,£,33.97,2a97cffe61c3c4c7,16,0,Romance
"Giant Days, Vol. 2 (Giant Days #5-8)",2,£,22.11,f2df3bb043a8abb0,16,0,Sequential Art
Forever and Forever: The Courtship of Henry Longfellow and Fanny Appleton,3,£,29.69,9beb96a2300109d7,16,0,Historical Fiction
First and First (Five Boroughs #3),4,£,15.97,9e28048cea8d41f7,16,0,Romance
Fifty Shades Darker (Fifty Shades #2),1,£,21.96,7add3f8e49ec0826,16,0,Romance
Everydata: The Misinformation Hidden in the Little Data You Consume Every Day,2,£,54.35,311c0dd0e354a33e,16,0,Nonfiction
"Don't Be a Jerk: And Other Practical Advice from Dogen, Japan's Greatest Zen Master",2,£,37.97,fce19f9b4a943f22,16,0,Religion
Danganronpa Volume 1,4,£,51.99,09b6cc87e62c2c58,16,0,Sequential Art
Crown of Midnight (Throne of Glass #2),3,£,43.29,7267864328ae8b9d,16,0,Fantasy
"Codename Baboushka, Volume 1: The Conclave of Death",4,£,36.72,8754c83ab2a7ae71,16,0,Sequential Art
Camp Midnight,4,£,17.08,7b599c8bfcdd8d30,16,0,Sequential Art
Call the Nurse: True Stories of a Country Nurse on a Scottish Isle,5,£,29.14,bee3672891cca906,16,0,Nonfiction
Burning,3,£,28.81,5ceb951f629700a2,16,0,Young Adult
Bossypants,2,£,49.46,74baabfc8fd84b38,16,0,Default
"Bitch Planet, Vol. 1: Extraordinary Machine (Bitch Planet (Collected Editions))",2,£,37.92,bdf415fd484ea8a7,16,0,Sequential Art
"Avatar: The Last Airbender: Smoke and Shadow, Part 3 (Smoke and Shadow #3)",2,£,28.09,6d5300b2d8f37e07,16,0,Fantasy
Algorithms to Live By: The Computer Science of Human Decisions,1,£,30.81,38d45839cb1c83c1,16,0,Nonfiction
A World of Flavor: Your Gluten Free Passport,1,£,42.95,70ed59f194b3c556,16,0,Default
"A Piece of Sky, a Grain of Rice: A Memoir in Four Meditations",5,£,56.76,8a380641491d43ed,16,0,Default
A Murder in Time,1,£,16.64,f733e8c19d40ec2e,16,0,Mystery
A Flight of Arrows (The Pathfinders #2),5,£,55.53,3a6fb983e2554023,16,0,Historical Fiction
A Fierce and Subtle Poison,4,£,28.13,842790dfaa937484,16,0,Young Adult
A Court of Thorns and Roses (A Court of Thorns and Roses #1),1,£,52.37,01d2001ac1e6f8a3,16,0,Fantasy
(Un)Qualified: How God Uses Broken People to Do Big Things,5,£,54,e4ac92d89b946781,16,0,Christian
You Are What You Love: The Spiritual Power of Habit,4,£,21.87,796c87ddbbaaf8c5,15,0,Religion
"William Shakespeare's Star Wars: Verily, A New Hope (William Shakespeare's Star Wars #4)",4,£,43.3,9270575728a13a61,15,0,Science Fiction
Tuesday Nights in 1980,2,£,21.04,b8736690cf263a3c,15,0,Fiction
Tracing Numbers on a Train,3,£,41.6,d7d6d50c1e3d0b81,15,0,Default
Throne of Glass (Throne of Glass #1),3,£,35.07,590a9cccf7db9f7d,15,0,Fantasy
Thomas Jefferson and the Tripoli Pirates: The Forgotten War That Changed American History,1,£,59.64,de3f25248ba0789f,15,0,History
Thirteen Reasons Why,1,£,52.72,bc2a85fd35fdc7bd,15,0,Default
The White Cat and the Monk: A Retelling of the Poem âPangur BÃ¡nâ,4,£,58.08,37c0cb19713d8dda,15,0,Childrens
The Wedding Dress,1,£,24.12,623e1a180426039b,15,0,Romance
The Vacationers,4,£,42.15,fd3a622648667296,15,0,Fiction
The Third Wave: An Entrepreneurâs Vision of the Future,5,£,12.61,3bebf34ee9330cbd,15,0,Business
The Stranger,4,£,17.44,f5a92cff83897d48,15,0,Philosophy
The Shadow Hero (The Shadow Hero),1,£,33.14,d6361d16212664ed,15,0,Sequential Art
The Secret (The Secret #1),4,£,27.37,961f18db4f138211,15,0,Default
The Regional Office Is Under Attack!,5,£,51.36,0651062381f0636a,15,0,Fiction
The Psychopath Test: A Journey Through the Madness Industry,2,£,36,e98a4efa85070c2f,15,0,Default
The Project,1,£,10.65,790ef197c8f236f5,15,0,Science Fiction
The Power of Now: A Guide to Spiritual Enlightenment,2,£,43.54,8ec14b1576cb7cb5,15,0,Nonfiction
The Omnivore's Dilemma: A Natural History of Four Meals,2,£,38.21,209adad1015af86f,15,0,Nonfiction
The Nerdy Nummies Cookbook: Sweet Treats for the Geek in All of Us,5,£,37.34,e4c7f3487d17fd42,15,0,Food and Drink
The Murder of Roger Ackroyd (Hercule Poirot #4),4,£,44.1,c7b5183f4d1d4efe,15,0,Mystery
The Mistake (Off-Campus #2),3,£,43.29,99ff4cc6491e8f5c,15,0,New Adult
The Matchmaker's Playbook (Wingmen Inc. #1),1,£,55.85,08db62f24627e71f,15,0,New Adult
The Love and Lemons Cookbook: An Apple-to-Zucchini Celebration of Impromptu Cooking,2,£,37.6,e28e330cbdf01126,15,0,Food and Drink
The Long Shadow of Small Ghosts: Murder and Memory in an American City,1,£,10.97,abeafe151a587d3b,15,0,Crime
The Kite Runner,4,£,41.82,eac1a180047ad54e,15,0,Default
The House by the Lake,1,£,36.95,9287e238d7c3b06e,15,0,Historical Fiction
The Glittering Court (The Glittering Court #1),1,£,44.28,2dbb7ec08cdd7f3c,15,0,Fantasy
The Girl on the Train,2,£,55.02,e956d67c9bcc5809,15,0,Default
The Genius of Birds,1,£,17.24,42d0d7c92b75fc1c,15,0,Nonfiction
The Emerald Mystery,2,£,23.15,d6670dfe3e7b42bd,15,0,Default
The Cookies & Cups Cookbook: 125+ sweet & savory recipes reminding you to Always Eat Dessert First,1,£,41.25,96a38e7c813d8f1d,15,0,Food and Drink
The Bridge to Consciousness: I'm Writing the Bridge Between Science and Our Old and New Beliefs.,3,£,32,efc3768127714ec3,15,0,Default
The Artist's Way: A Spiritual Path to Higher Creativity,5,£,38.49,dd047728de72ad62,15,0,Nonfiction
The Art of War,5,£,33.34,e7469e22b5bfb3e7,15,0,Default
The Argonauts,2,£,10.93,c99761a700ade23f,15,0,Autobiography
The 10% Entrepreneur: Live Your Startup Dream Without Quitting Your Day Job,3,£,27.55,56e4f9eab2e8e674,15,0,Business
Suddenly in Love (Lake Haven #1),2,£,55.99,203b7f94b7d6115f,15,0,Romance
Something More Than This,4,£,16.24,ca71e72655bece85,15,0,Romance
Soft Apocalypse,2,£,26.12,2a70769cdc6eb8b8,15,0,Science Fiction
So You've Been Publicly Shamed,2,£,12.23,1b33663ad7b95fd8,15,0,Nonfiction
Shoe Dog: A Memoir by the Creator of NIKE,2,£,23.99,0e0dcc3339602b28,15,0,Business
"Shobu Samurai, Project Aryoku (#3)",3,£,29.06,0c27e6c3744fc14b,15,0,Add a comment
Secrets and Lace (Fatal Hearts #1),1,£,20.27,ad04ad9fc179fc5d,15,0,Default
Scarlett Epstein Hates It Here,5,£,43.55,1c929cfd16b71907,15,0,Young Adult
Romero and Juliet: A Tragic Tale of Love and Zombies,1,£,36.94,e656e280bc8edd56,15,0,Default
Redeeming Love,5,£,20.47,b53db2271c9624f7,15,0,Christian Fiction
Poses for Artists Volume 1 - Dynamic and Sitting Poses: An Essential Reference for Figure Drawing and the Human Form,1,£,41.06,d9c643fa1fc57bdb,15,0,Default
Poems That Make Grown Women Cry,4,£,14.19,31001a1210623bd4,15,0,Poetry
"Nightingale, Sing",1,£,38.28,50b8f80311b31ede,15,0,Young Adult
Night Sky with Exit Wounds,1,£,41.05,cfeb1e1e0e695b58,15,0,Poetry
Mrs. Houdini,5,£,30.25,a40723994f715420,15,0,Historical Fiction
Modern Romance,5,£,28.26,caf4fe9311f1dc59,15,0,Add a comment
Miss Peregrineâs Home for Peculiar Children (Miss Peregrineâs Peculiar Children #1),1,£,10.76,af96613fdd793a3c,15,0,Default
Louisa: The Extraordinary Life of Mrs. Adams,2,£,16.85,d69dd8dac66f9f84,15,0,Biography
Little Red,3,£,13.47,4aa03792b50f0b22,15,0,Childrens
Library of Souls (Miss Peregrineâs Peculiar Children #3),5,£,48.56,ba54932df84e8cea,15,0,Young Adult
Large Print Heart of the Pride,2,£,19.15,c1afd71fc86bf682,15,0,Default
I Had a Nice Time And Other Lies...: How to find love & sh*t like that,4,£,57.36,fd8585283fc7d2d7,15,0,Womens Fiction
Hollow City (Miss Peregrineâs Peculiar Children #2),1,£,42.98,4ce91d31c1e57c33,15,0,Fantasy
Grumbles,2,£,22.16,d163dd6c352fbcd2,15,0,Default
Full Moon over Noahâs Ark: An Odyssey to Mount Ararat and Beyond,4,£,49.43,ce60436f52c5ee68,15,0,Travel
Frostbite (Vampire Academy #2),5,£,29.99,116a2fdc9a45bab0,15,0,Young Adult
Follow You Home,1,£,21.36,8585760646e3aa2a,15,0,Horror
First Steps for New Christians (Print Edition),1,£,29,2f88b08bf0a0e367,15,0,Default
Finders Keepers (Bill Hodges Trilogy #2),5,£,53.53,edb3097e71330040,15,0,Fiction
"Fables, Vol. 1: Legends in Exile (Fables #1)",4,£,41.62,65d034adf80834b7,15,0,Sequential Art
Eureka Trivia 6.0,4,£,54.59,29c0025455f8c585,15,0,Default
Drive: The Surprising Truth About What Motivates Us,4,£,34.95,6ffb36aaeff1c81e,15,0,Default
Done Rubbed Out (Reightman & Bailey #1),5,£,37.72,f6d967cdadc6fbd9,15,0,Default
Doing It Over (Most Likely To #1),3,£,35.61,3a11bb962ff45b78,15,0,Romance
"Deliciously Ella Every Day: Quick and Easy Recipes for Gluten-Free Snacks, Packed Lunches, and Simple Meals",3,£,42.16,46c1530d7546ea6d,15,0,Food and Drink
Dark Notes,5,£,19.19,88c21fcd38e2486e,15,0,Erotica
"Daring Greatly: How the Courage to Be Vulnerable Transforms the Way We Live, Love, Parent, and Lead",3,£,19.43,3b9a3b4624b7fd6d,15,0,Nonfiction
Close to You,4,£,49.46,a57b1dcbd6849222,15,0,Christian Fiction
Chasing Heaven: What Dying Taught Me About Living,2,£,37.8,513271dadc1322ae,15,0,Spirituality
Big Magic: Creative Living Beyond Fear,3,£,30.8,1f329c2e7d7de8bd,15,0,Nonfiction
Becoming Wise: An Inquiry into the Mystery and Art of Living,2,£,27.43,919e7cb2269a25d2,15,0,Nonfiction
Beauty Restored (Riley Family Legacy Novellas #3),2,£,11.11,3f69e667a67e54d9,15,0,Default
Batman: The Long Halloween (Batman),2,£,36.5,7edc0527cf782e19,15,0,Sequential Art
Batman: The Dark Knight Returns (Batman),5,£,15.38,47271d8e08b5d31c,15,0,Sequential Art
Ayumi's Violin,2,£,15.48,05f7c6d9a4e582d3,15,0,Default
Anonymous,4,£,46.82,d24b829be2ca81c4,15,0,Default
Amy Meets the Saints and Sages,3,£,18.46,7ebfa6c1bee69e1e,15,0,Default
Amid the Chaos,1,£,36.58,bb8245f52c7cce8f,15,0,Cultural
Amatus,5,£,50.54,ffd54178acc9a6a5,15,0,Default
Agnostic: A Spirited Manifesto,5,£,12.51,d195e7f4ed697350,15,0,Nonfiction
Zealot: The Life and Times of Jesus of Nazareth,3,£,24.7,dd5bfa6cc2c0ecc3,14,0,History
You (You #1),5,£,43.61,024387ca4cafd5cc,14,0,Thriller
"Wonder Woman: Earth One, Volume One (Wonder Woman: Earth One #1)",4,£,37.34,047097293bb4d1c0,14,0,Sequential Art
Wild Swans,2,£,14.36,3fb15ace50d6142b,14,0,Young Adult
Why the Right Went Wrong: Conservatism--From Goldwater to the Tea Party and Beyond,4,£,52.65,2b5054a4192e9b06,14,0,Politics
Whole Lotta Creativity Going On: 60 Fun and Unusual Exercises to Awaken and Strengthen Your Creativity,4,£,38.2,44a10f1ac8ce822e,14,0,Nonfiction
What's It Like in Space?: Stories from Astronauts Who've Been There,2,£,19.6,6fd646a334e6e133,14,0,Nonfiction
"We Are Robin, Vol. 1: The Vigilante Business (We Are Robin #1)",1,£,53.9,92275cedf6d8ee15,14,0,Sequential Art
Walt Disney's Alice in Wonderland,5,£,12.96,6a31307a81e8f3a8,14,0,Childrens
V for Vendetta (V for Vendetta Complete),4,£,37.1,4a1debca3135ff37,14,0,Default
Until Friday Night (The Field Party #1),2,£,46.31,aba2db9afb1469c7,14,0,Young Adult
"Unbroken: A World War II Story of Survival, Resilience, and Redemption",2,£,45.95,76c84daa539426e2,14,0,Default
Twenty Yawns,2,£,22.08,1d6443ffba9dfd80,14,0,Childrens
Through the Woods,2,£,25.38,6e44bcbeac7f4360,14,0,Sequential Art
This Is Where It Ends,2,£,27.12,f0f38174a7e689a3,14,0,Young Adult
The Year of Magical Thinking,2,£,43.04,34c0d7c4ee5650af,14,0,Nonfiction
The Wright Brothers,4,£,56.8,08b2f71d93836313,14,0,Default
The White Queen (The Cousins' War #1),5,£,25.91,6875c5657661b2fb,14,0,Add a comment
The Wedding Pact (The O'Malleys #2),3,£,32.61,c5cb9f885d8b3621,14,0,Romance
The Time Keeper,5,£,27.88,e9906e2f0d189745,14,0,Fiction
The Testament of Mary,4,£,52.67,081305e6df719dff,14,0,Fiction
The Star-Touched Queen,5,£,46.02,1528279aec1f3dce,14,0,Fantasy
The Songs of the Gods,5,£,44.48,00c4543ec6bd25b4,14,0,Default
The Song of Achilles,5,£,37.4,e88fb1c9397cfb27,14,0,Add a comment
The Rosie Project (Don Tillman #1),1,£,54.04,012094e90a4b908d,14,0,Default
The Power of Habit: Why We Do What We Do in Life and Business,3,£,16.88,6bdd909329435e80,14,0,Default
The Marriage of Opposites,4,£,28.08,52cf2a5933ec5d8f,14,0,Historical Fiction
The Lucifer Effect: Understanding How Good People Turn Evil,1,£,10.4,4e812d32d64e2431,14,0,Psychology
The Long Haul (Diary of a Wimpy Kid #9),1,£,44.07,f21effc079a2b38a,14,0,Humor
The Loney,1,£,23.4,2d88a31f325dfd3b,14,0,Horror
The Literature Book (Big Ideas Simply Explained),3,£,17.43,4881cc53f6c8892f,14,0,Nonfiction
The Last Mile (Amos Decker #2),2,£,54.21,3bc89353f7e3a3cc,14,0,Mystery
The Immortal Life of Henrietta Lacks,2,£,40.67,f72f61ad6a5f12ed,14,0,Add a comment
The Hidden Oracle (The Trials of Apollo #1),2,£,52.26,992974ba6a0536ea,14,0,Fantasy
The Help Yourself Cookbook for Kids: 60 Easy Plant-Based Recipes Kids Can Make to Stay Healthy and Save the Earth,3,£,28.77,ddc8340dabc8641b,14,0,Food and Drink
The Guilty (Will Robie #4),2,£,13.82,847935fc68707426,14,0,Thriller
The First Hostage (J.B. Collins #2),3,£,25.85,a86972014275e072,14,0,Fiction
The Dovekeepers,1,£,48.78,3d76bc83c6b644c9,14,0,Add a comment
The Darkest Lie,5,£,35.35,6edacfd1f8ebb9eb,14,0,Young Adult
The Bane Chronicles (The Bane Chronicles #1-11),4,£,44.73,dc6f688b82e42a5b,14,0,Fantasy
The Bad-Ass Librarians of Timbuktu: And Their Race to Save the Worldâs Most Precious Manuscripts,1,£,15.77,923831a05c9f91f7,14,0,Nonfiction
The 14th Colony (Cotton Malone #11),1,£,39.24,1b8187fa4bf6ab05,14,0,Thriller
That Darkness (Gardiner and Renner #1),1,£,13.92,0c7b9cf2b7662b65,14,0,Mystery
Tastes Like Fear (DI Marnie Rome #3),1,£,10.69,2d1e337aaf341858,14,0,Mystery
Take Me with You,3,£,45.21,2c04320e110a14a3,14,0,Fiction
Swell: A Year of Waves,1,£,45.58,4c8b7540409da4ac,14,0,Nonfiction
Superman Vol. 1: Before Truth (Superman by Gene Luen Yang #1),5,£,11.89,ac8e3949d284e9a9,14,0,Sequential Art
Still Life with Bread Crumbs,3,£,26.41,fe44cc816576c652,14,0,Fiction
Steve Jobs,5,£,39.5,95019eac1c0a052f,14,0,Default
Sorting the Beef from the Bull: The Science of Food Fraud Forensics,4,£,44.74,3edcccc4f341fb1a,14,0,Science
Someone Like You (The Harrisons #2),5,£,52.79,a278db6b2b09cf9f,14,0,Contemporary
"So Cute It Hurts!!, Vol. 6 (So Cute It Hurts!! #6)",4,£,35.43,394f6d30cafc3edb,14,0,Sequential Art
Shtum,4,£,55.84,830fb3967c74866d,14,0,Fiction
See America: A Celebration of Our National Parks & Treasured Sites,3,£,48.87,f9705c362f070608,14,0,Travel
salt.,4,£,46.78,86cbddb61ea78bb7,14,0,Poetry
Robin War,3,£,47.82,85b2176b3b194030,14,0,Sequential Art
"Red Hood/Arsenal, Vol. 1: Open for Business (Red Hood/Arsenal #1)",2,£,25.48,31e2e2d9cca3778f,14,0,Sequential Art
Rain Fish,3,£,23.57,a6454e329f872b78,14,0,Childrens
"Quarter Life Poetry: Poems for the Young, Broke and Hangry",5,£,50.89,aa35446aab16017f,14,0,Poetry
Pet Sematary,3,£,10.56,af58a74e4b2a23a0,14,0,Horror
"Overload: How to Unplug, Unwind, and Unleash Yourself from the Pressure of Stress",3,£,52.15,8ecf0356a3878811,14,0,Self Help
Once Was a Time,2,£,18.28,e34efcc824685332,14,0,Childrens
Old School (Diary of a Wimpy Kid #10),5,£,11.83,02b74068fa98d8a4,14,0,Humor
No Dream Is Too High: Life Lessons From a Man Who Walked on the Moon,2,£,21.95,132ec5e8c984adef,14,0,Nonfiction
"Naruto (3-in-1 Edition), Vol. 14: Includes Vols. 40, 41 & 42 (Naruto: Omnibus #14)",2,£,38.39,71e36f33981ddb74,14,0,Sequential Art
My Name Is Lucy Barton,1,£,41.56,727bf2b86b19ad88,14,0,Fiction
My Mrs. Brown,3,£,24.48,cc82685d9f49bc2c,14,0,Fiction
My Kind of Crazy,1,£,40.36,137b0b2775701e11,14,0,Young Adult
Mr. Mercedes (Bill Hodges Trilogy #1),1,£,28.9,caa2e5b3fb1b2d4c,14,0,Fiction
More Than Music (Chasing the Dream #1),2,£,37.61,47d47155e89c8be7,14,0,Add a comment
Made to Stick: Why Some Ideas Survive and Others Die,5,£,38.85,b96fc7a0ea7d4b45,14,0,Business
Luis Paints the World,3,£,53.95,5b43cae640f2338a,14,0,Childrens
Luckiest Girl Alive,3,£,49.83,d512871626a5e588,14,0,Default
Lowriders to the Center of the Earth (Lowriders in Space #2),2,£,51.51,a10c7515834240f3,14,0,Sequential Art
Love Is a Mix Tape (Music #1),1,£,18.03,adb5f51c2e2ab13f,14,0,Music
Looking for Lovely: Collecting the Moments that Matter,5,£,29.14,24af96df0bafb925,14,0,Nonfiction
"Living Leadership by Insight: A Good Leader Achieves, a Great Leader Builds Monuments",4,£,46.91,17fb5a88180f9904,14,0,Default
Let It Out: A Journey Through Journaling,5,£,26.79,1174156c4a0eccaa,14,0,Nonfiction
Lady Midnight (The Dark Artifices #1),5,£,16.28,708345c9897fd7c5,14,0,Default
"It's All Easy: Healthy, Delicious Weeknight Meals in under 30 Minutes",1,£,19.55,245e6bf08b8d2955,14,0,Food and Drink
Island of Dragons (Unwanteds #7),1,£,29.65,2b52334fab158861,14,0,Fantasy
I Know What I'm Doing -- and Other Lies I Tell Myself: Dispatches from a Life Under Construction,4,£,25.98,b8a8ff84233f0570,14,0,Humor
I Am Pilgrim (Pilgrim #1),4,£,10.6,aeff7b87a8e83ebb,14,0,Fiction
"Hyperbole and a Half: Unfortunate Situations, Flawed Coping Mechanisms, Mayhem, and Other Things That Happened",5,£,14.75,fbb21a2f71f4d981,14,0,Humor
"Hush, Hush (Hush, Hush #1)",3,£,47.02,6b6cd77fbc91b7a6,14,0,Default
Hold Your Breath (Search and Rescue #1),1,£,28.82,0b165bd4b9f42fd5,14,0,Romance
Hamilton: The Revolution,3,£,58.79,afa829857f82f99e,14,0,Nonfiction
Greek Mythic History,5,£,10.23,f201f263d8c23f97,14,0,Default
God: The Most Unpleasant Character in All Fiction,5,£,30.03,eec424a84c9e4c68,14,0,Religion
Glory over Everything: Beyond The Kitchen House,3,£,45.84,de4b403cb629a29f,14,0,Historical Fiction
Feathers: Displays of Brilliant Plumage,3,£,49.05,9194ae88379dbf1a,14,0,Art
"Far & Away: Places on the Brink of Change: Seven Continents, Twenty-Five Years",4,£,15.06,ac4dde0d1be05de0,14,0,Nonfiction
Every Last Word,3,£,46.47,a2bd4ca82d908442,14,0,Default
Eligible (The Austen Project #4),3,£,27.09,9eaf58b03a2779cc,14,0,Fiction
El Deafo,5,£,57.62,27c5968fe43cc06e,14,0,Sequential Art
Eight Hundred Grapes,4,£,14.39,1d6dd0c87d90fe92,14,0,Fiction
"Eaternity: More than 150 Deliciously Easy Vegan Recipes for a Long, Healthy, Satisfied, Joyful Life",5,£,51.75,a01f6d368ef64dc5,14,0,Nonfiction
"Eat Fat, Get Thin",2,£,54.07,047dfa57ba0bf638,14,0,Health
Don't Get Caught,1,£,55.35,ad2887ce04583910,14,0,Young Adult
Doctor Sleep (The Shining #2),2,£,40.12,bf5de316a5e9a4ab,14,0,Horror
Demigods & Magicians: Percy and Annabeth Meet the Kanes (Percy Jackson & Kane Chronicles Crossover #1-3),5,£,37.51,3c6fe637a0180b01,14,0,Fantasy
Dear Mr. Knightley,5,£,11.21,94a958ea126cdcd5,14,0,Fiction
Daily Fantasy Sports,1,£,36.58,0e94a089328be4bc,14,0,Default
Crazy Love: Overwhelmed by a Relentless God,2,£,47.72,4b9d9cfe0f435788,14,0,Christian
Cometh the Hour (The Clifton Chronicles #6),3,£,25.01,28cf0d1c51b491e5,14,0,Fiction
Code Name Verity (Code Name Verity #1),4,£,22.13,33a3e0e3ffde0dcd,14,0,Add a comment
Clockwork Angel (The Infernal Devices #1),1,£,44.14,42b0c50fc44140ec,14,0,Default
City of Glass (The Mortal Instruments #3),4,£,56.02,966ebb738e0f9d9b,14,0,Fantasy
City of Fallen Angels (The Mortal Instruments #4),4,£,11.23,1e264c677d4ee4ae,14,0,Default
City of Bones (The Mortal Instruments #1),1,£,43.28,5b987e54ee72525c,14,0,Default
City of Ashes (The Mortal Instruments #2),1,£,47.27,8a6ec2761f91dad2,14,0,Default
Cell,4,£,20.29,bfbb54bc8cdeed2b,14,0,Add a comment
Catching Jordan (Hundred Oaks),3,£,50.83,e2e7b683b4c15b7d,14,0,Young Adult
"Carry On, Warrior: Thoughts on Life Unarmed",3,£,31.85,1b0fc9f777cad045,14,0,Default
Carrie,2,£,46.23,5f22418922fa728b,14,0,Default
Buying In: The Secret Dialogue Between What We Buy and Who We Are,4,£,37.8,16ef91b9d827859c,14,0,Nonfiction
Brain on Fire: My Month of Madness,5,£,49.32,a80f66b254fe9eb3,14,0,Nonfiction
Batman: Europa,2,£,32.01,bf68dcb5fad3cc8c,14,0,Sequential Art
Barefoot Contessa Back to Basics,1,£,28.01,999912e63a3262ae,14,0,Food and Drink
Barefoot Contessa at Home: Everyday Recipes You'll Make Over and Over Again,5,£,50.62,0e0da9192a025efc,14,0,Food and Drink
Balloon Animals,3,£,17.03,9b65f676984c9f0c,14,0,Fiction
Art Ops Vol. 1,3,£,48.8,ffdc825785c0ede8,14,0,Sequential Art
Aristotle and Dante Discover the Secrets of the Universe (Aristotle and Dante Discover the Secrets of the Universe #1),4,£,58.14,41164b8ac02a2c42,14,0,Young Adult
Angels Walking (Angels Walking #1),2,£,34.2,1fbb5f786e53a0ce,14,0,Add a comment
Angels & Demons (Robert Langdon #1),3,£,51.48,ad41c24ccac0c7ce,14,0,Default
All the Light We Cannot See,5,£,29.87,39861fc1c0845d15,14,0,Historical
"Adulthood Is a Myth: A ""Sarah's Scribbles"" Collection",2,£,10.9,5319169a72714c62,14,0,Sequential Art
Abstract City,5,£,56.37,cf1aa2fc02a7d1e0,14,0,Nonfiction
A Time of Torment (Charlie Parker #14),5,£,48.35,4416c474713ec1f5,14,0,Mystery
A Study in Scarlet (Sherlock Holmes #1),2,£,16.73,63ee5bc46066a8a8,14,0,Mystery
"A Series of Catastrophes and Miracles: A True Story of Love, Science, and Cancer",2,£,56.48,c1379d3744f1dd2c,14,0,Add a comment
A People's History of the United States,2,£,40.79,1ad06aed9349af46,14,0,Add a comment
A Man Called Ove,1,£,39.72,8682c03de6a844ff,14,0,Fiction
A Distant Mirror: The Calamitous 14th Century,3,£,14.58,d5e0526e1ab682a3,14,0,History
A Brush of Wings (Angels Walking #3),1,£,55.51,01a177623cce9596,14,0,Add a comment
1491: New Revelations of the Americas Before Columbus,3,£,21.8,6e8e5626ac4d279e,14,0,History
"The Three Searches, Meaning, and the Story",3,£,13.33,ac5e0d3938caf686,13,0,Default
Searching for Meaning in Gailana,1,£,38.73,2f0213137a80d485,13,0,Fantasy
Rook,4,£,37.86,44d97b6707dae3f0,13,0,Add a comment
My Kitchen Year: 136 Recipes That Saved My Life,2,£,11.53,8bbd7df8a324f31d,13,0,Food and Drink
13 Hours: The Inside Account of What Really Happened In Benghazi,1,£,27.06,4be9d1910f8a4e80,13,0,Nonfiction
Will You Won't You Want Me?,3,£,13.86,077b635ff2afc578,12,0,Womens Fiction
Tipping Point for Planet Earth: How Close Are We to the Edge?,1,£,37.55,148715df5a02ea5e,12,0,Science
The Star-Touched Queen,5,£,32.3,4a7a25be293ad678,12,0,Fantasy
The Silent Sister (Riley MacPherson #1),5,£,46.29,ce1ae197ada2aec4,12,0,Fiction
The Midnight Watch: A Novel of the Titanic and the Californian,1,£,26.2,14e44163678e24dc,12,0,Add a comment
The Lonely City: Adventures in the Art of Being Alone,2,£,33.26,582a21a1dbbef3cf,12,0,Nonfiction
The Gray Rhino: How to Recognize and Act on the Obvious Dangers We Ignore,4,£,59.15,3063c7e95d0bf76f,12,0,Add a comment
The Golden Condom: And Other Essays on Love Lost and Found,1,£,39.43,235fa48eeed11d82,12,0,Psychology
The Epidemic (The Program 0.6),5,£,14.44,f732d7d18a91d2ba,12,0,Young Adult
The Dinner Party,2,£,56.54,c6ca293d4810e0d5,12,0,Fiction
The Diary of a Young Girl,3,£,59.9,54fc03f1e1d355db,12,0,Nonfiction
The Children,3,£,11.88,64fd010bf8d15096,12,0,Add a comment
Stars Above (The Lunar Chronicles #4.5),2,£,48.05,b63ea3f7a57ae099,12,0,Young Adult
Snatched: How A Drug Queen Went Undercover for the DEA and Was Kidnapped By Colombian Guerillas,3,£,21.21,f40fea200e0c644f,12,0,Nonfiction
Raspberry Pi Electronics Projects for the Evil Genius,4,£,49.67,ebf81a62e4798fd1,12,0,Default
Quench Your Own Thirst: Business Lessons Learned Over a Beer or Two,1,£,43.14,8976d9161c027142,12,0,Business
Psycho: Sanitarium (Psycho #1.5),5,£,36.97,b8d7b3f5c7a95d65,12,0,Horror
Poisonous (Max Revere Novels #3),3,£,26.8,abdd91e96515a617,12,0,Mystery
One with You (Crossfire #5),4,£,15.71,81ef44fcc5f454df,12,0,Add a comment
No Love Allowed (Dodge Cove #1),4,£,54.65,db84624b151cbe06,12,0,Young Adult
Murder at the 42nd Street Library (Raymond Ambler #1),4,£,54.36,e7fe3bf2768602cf,12,0,Mystery
Most Wanted,3,£,35.28,c039f5aceb093537,12,0,Mystery
"Love, Lies and Spies",2,£,20.55,9546d537fbf99eb6,12,0,Historical Fiction
How to Speak Golf: An Illustrated Guide to Links Lingo,5,£,58.32,b978c9852cde91bd,12,0,Default
Hide Away (Eve Duncan #20),1,£,11.84,bddc6fd036eb6279,12,0,Mystery
Furiously Happy: A Funny Book About Horrible Things,4,£,41.46,c6a29d6df8de968c,12,0,Nonfiction
Everyday Italian: 125 Simple and Delicious Recipes,5,£,20.1,76319fe9d8b465a3,12,0,Food and Drink
Equal Is Unfair: America's Misguided Fight Against Income Inequality,1,£,56.86,3968e3fbf4695d7c,12,0,Politics
Eleanor & Park,5,£,56.51,6983328f15506cb9,12,0,Default
Dirty (Dive Bar #1),4,£,40.83,df7e628bad5782b4,12,0,Romance
Can You Keep a Secret? (Fear Street Relaunch #4),1,£,48.64,d069086944f2e330,12,0,Horror
Boar Island (Anna Pigeon #19),3,£,59.48,49b24c6a41b82bd2,12,0,Mystery
A Paris Apartment,4,£,39.01,63343e287971bb0c,12,0,Historical Fiction
"A la Mode: 120 Recipes in 60 Pairings: Pies, Tarts, Cakes, Crisps, and More Topped with Ice Cream, Gelato, Frozen Custard, and More",1,£,38.77,a4eef523118805ef,12,0,Food and Drink
Troublemaker: Surviving Hollywood and Scientology,2,£,48.39,515cb8fcafb1ad98,11,0,Default
The Widow,2,£,27.26,6159d8b187831770,11,0,Mystery
"The Sleep Revolution: Transforming Your Life, One Night at a Time",4,£,11.68,985991708c47003e,11,0,Nonfiction
The Improbability of Love,1,£,59.45,437d8dea9272d0a9,11,0,Fiction
The Art of Startup Fundraising,3,£,21,1c584f82a7a1c4f0,11,0,Business
Take Me Home Tonight (Rock Star Romance #3),3,£,53.98,cf62fa272b5f0fa3,11,0,Romance
Sleeping Giants (Themis Files #1),1,£,48.74,f435aa99d864077d,11,0,Science Fiction
"Setting the World on Fire: The Brief, Astonishing Life of St. Catherine of Siena",2,£,21.15,b06599b108e83f98,11,0,Biography
Playing with Fire,3,£,13.71,05a61a3bd8ca4149,11,0,Mystery
Off the Hook (Fishing for Trouble #1),3,£,47.67,b783ce08802cd1d1,11,0,Romance
Mothering Sunday,2,£,13.34,47e1b2d43f709995,11,0,Fiction
"Mother, Can You Not?",5,£,16.89,28b2df9fadc9f07e,11,0,Nonfiction
M Train,1,£,27.18,5569c3fea112718e,11,0,Autobiography
Lilac Girls,2,£,17.28,bade9943ee01b63f,11,0,Historical Fiction
Lies and Other Acts of Love,1,£,45.14,469508882dfc1991,11,0,Fiction
Lab Girl,1,£,40.85,825d6c44da3ca5a6,11,0,Autobiography
Keep Me Posted,4,£,20.46,20dc4f1ac5d4fd9c,11,0,Womens Fiction
It Didn't Start with You: How Inherited Family Trauma Shapes Who We Are and How to End the Cycle,3,£,56.27,ce8666d9b42fc9a0,11,0,Psychology
Grey (Fifty Shades #4),4,£,48.49,b5953ca1f8a0b8d7,11,0,Womens Fiction
"Exit, Pursued by a Bear",4,£,51.34,c65c25d990fc7025,11,0,Young Adult
Daredevils,3,£,16.34,f608c903c451f387,11,0,Fiction
Cravings: Recipes for What You Want to Eat,3,£,20.5,2587c54f5530dafc,11,0,Food and Drink
Born for This: How to Find the Work You Were Meant to Do,5,£,21.59,816180220e8cb419,11,0,Business
Arena,4,£,21.36,2c34f9432069b52b,11,0,Science Fiction
Adultery,5,£,20.88,bb967277222e689c,11,0,Default
A Mother's Reckoning: Living in the Aftermath of Tragedy,3,£,19.53,2b69dec0193511d9,11,0,Nonfiction
A Gentleman's Position (Society of Gentlemen #3),5,£,14.75,40c4bf520c17de54,11,0,Romance
11/22/1963,3,£,48.48,a9d7b75461084a26,11,0,Fiction
"10% Happier: How I Tamed the Voice in My Head, Reduced Stress Without Losing My Edge, and Found Self-Help That Actually Works",2,£,24.57,34669b2e9d407d3a,10,0,Nonfiction
10-Day Green Smoothie Cleanse: Lose Up to 15 Pounds in 10 Days!,5,£,49.71,96aa539bfd4c07e2,10,0,Health
Without Shame,5,£,48.27,ab60e6f5a63e1cfb,9,0,Add a comment
Watchmen,4,£,58.05,d1848064c54e01c7,9,0,Add a comment
Unlimited Intuition Now,4,£,58.87,4fd0a2a350f016e6,9,0,Default
Underlying Notes,2,£,11.82,0967effecd292a86,9,0,Default
The Shack,1,£,28.03,903a9f8090104c2c,9,0,Fiction
The New Brand You: Your New Image Makes the Sale for You,5,£,44.05,4b50fb1359ebf35d,9,0,Default
"The Moosewood Cookbook: Recipes from Moosewood Restaurant, Ithaca, New York",4,£,12.34,65cfc9f242c2984a,9,0,Food and Drink
The Flowers Lied,2,£,16.68,33396269bcce166f,9,0,Default
"The Fabric of the Cosmos: Space, Time, and the Texture of Reality",1,£,55.91,ca74f2e3c35a3e77,9,0,Science
The Book of Mormon,3,£,24.57,3f25a2fedae191cc,9,0,Religion
The Art and Science of Low Carbohydrate Living,5,£,52.98,f9c87ccb2bc4853b,9,0,Health
The Alien Club,1,£,54.4,e77594ece9b9d1fe,9,0,Young Adult
Suzie Snowflake: One beautiful flake (a self-esteem story),5,£,54.81,0e095ed785af7e43,9,0,Novels
Nap-a-Roo,1,£,25.08,913e7109cec0cb4c,9,0,Childrens
"NaNo What Now? Finding your editing process, revising your NaNoWriMo book and building a writing career through publishing and beyond",4,£,10.41,ee6c67859d70186b,9,0,Default
Modern Day Fables,2,£,47.44,6baac632f7711e26,9,0,Default
If I Gave You God's Phone Number....: Searching for Spirituality in America,1,£,20.91,8fab4c4f6f82a4ce,9,0,Spirituality
"Fruits Basket, Vol. 9 (Fruits Basket #9)",4,£,33.95,97187f5cf0385da3,9,0,Sequential Art
Dress Your Family in Corduroy and Denim,3,£,43.68,7e9068872228c474,9,0,Humor
Don't Forget Steven,1,£,33.23,e845d305f64154f1,9,0,Young Adult
Chernobyl 01:23:40: The Incredible True Story of the World's Worst Nuclear Disaster,2,£,35.92,7186241e043de5dc,9,0,Nonfiction
Art and Fear: Observations on the Perils (and Rewards) of Artmaking,4,£,48.63,d6d9ffea95f2f8bf,9,0,Art
A Shard of Ice (The Black Symphony Saga #1),3,£,56.63,63d5f1651880dcea,9,0,Fantasy
A Hero's Curse (The Unseen Chronicles #1),3,£,50.49,c181ca8eabe7d18c,9,0,Add a comment
23 Degrees South: A Tropical Tale of Changing Whether...,2,£,35.79,61cf7eb9d2cd8bb0,9,0,Add a comment
"Zero to One: Notes on Startups, or How to Build the Future",3,£,34.06,e77033ce559947f7,8,0,Nonfiction
Why Not Me?,1,£,17.76,04f6c929888f4f11,8,0,Nonfiction
When Breath Becomes Air,2,£,39.36,b69c852e7e3956af,8,0,Nonfiction
Vagabonding: An Uncommon Guide to the Art of Long-Term World Travel,2,£,36.94,1809259a5a5f1d8d,8,0,Travel
The Unlikely Pilgrimage of Harold Fry (Harold Fry #1),5,£,43.62,e0bdd79c7304ee8d,8,0,Default
The New Drawing on the Right Side of the Brain,3,£,43.02,3eec766dda26fa64,8,0,Art
"The Midnight Assassin: Panic, Scandal, and the Hunt for America's First Serial Killer",4,£,28.45,5a0d2e9284004266,8,0,Nonfiction
The Martian (The Martian #1),2,£,41.39,9afd00e81d6208e6,8,0,Default
The High Mountains of Portugal,1,£,51.15,4f283dfcbeccc0d4,8,0,Fiction
The Grownup,1,£,35.88,1bba4b1ba23ed2d6,8,0,Short Stories
The E-Myth Revisited: Why Most Small Businesses Don't Work and What to Do About It,1,£,36.91,a2308a936e898d48,8,0,Business
South of Sunshine,1,£,28.93,331c26103d885cae,8,0,Young Adult
Smarter Faster Better: The Secrets of Being Productive in Life and Business,5,£,38.89,a2475a245c9907c4,8,0,Nonfiction
Silence in the Dark (Logan Point #4),3,£,58.33,e46a164cf310fd7d,8,0,Suspense
Shadows of the Past (Logan Point #1),5,£,39.67,bee6e93e9976f4fa,8,0,Christian Fiction
Roller Girl,5,£,14.1,aeb51dfbe8aeec59,8,0,Sequential Art
Rising Strong,3,£,21.82,52fc458ffc756faf,8,0,Nonfiction
Proofs of God: Classical Arguments from Tertullian to Barth,1,£,54.21,d56d0710668bb39c,8,0,Philosophy
Please Kill Me: The Uncensored Oral History of Punk,4,£,31.19,4a823d80aa30dbb0,8,0,Music
Out of Print: City Lights Spotlight No. 14,5,£,53.64,c0fc0cd215ee1724,8,0,Poetry
My Life Next Door (My Life Next Door ),5,£,36.39,9a7291b89bd5445c,8,0,Young Adult
Miller's Valley,2,£,58.54,bff270fe9c86a5a9,8,0,Fiction
Man's Search for Meaning,3,£,29.48,4729afff3bea0f0a,8,0,Nonfiction
"Love That Boy: What Two Presidents, Eight Road Trips, and My Son Taught Me About a Parent's Expectations",2,£,25.06,4d3a4c7b442a9a4e,8,0,Nonfiction
Living Forward: A Proven Plan to Stop Drifting and Get the Life You Want,3,£,12.55,044534b0b28b4e87,8,0,Nonfiction
Les Fleurs du Mal,5,£,29.04,c44c5e1425475206,8,0,Poetry
Left Behind (Left Behind #1),2,£,40.72,29af1a2566c4e36e,8,0,Default
Kill 'Em and Leave: Searching for James Brown and the American Soul,5,£,45.05,39eefec3a8498dde,8,0,Music
Kierkegaard: A Christian Missionary to Christians,1,£,47.13,0cf57cb49272fd37,8,0,Philosophy
John Vassos: Industrial Design for Modern Life,4,£,20.22,bd26e8a79a856c31,8,0,Default
I'll Give You the Sun,1,£,56.48,0ab4b35dcffcffd1,8,0,Default
I Will Find You,1,£,44.21,bbf1ea50be8008ab,8,0,Nonfiction
Hystopia: A Novel,4,£,21.96,0bfdef63285d3019,8,0,Fiction
Howl and Other Poems,2,£,40.45,b7870fa6dc088fbb,8,0,Poetry
History of Beauty,4,£,10.29,8a150fd8ff5d7686,8,0,Art
Heaven is for Real: A Little Boy's Astounding Story of His Trip to Heaven and Back,2,£,52.86,d48c1369927ebef1,8,0,Default
Future Shock (Future Shock #1),5,£,55.65,df6a7c43faa6732b,8,0,Young Adult
Ender's Game (The Ender Quintet #1),1,£,43.64,e049d44c4f1cf1b2,8,0,Default
Diary of a Citizen Scientist: Chasing Tiger Beetles and Other New Ways of Engaging the World,1,£,28.41,0c11e2d068768dbb,8,0,Science
Death by Leisure: A Cautionary Tale,4,£,37.51,4dbd54d9e36c9566,8,0,Default
Brilliant Beacons: A History of the American Lighthouse,3,£,11.45,7f5157bf53065d36,8,0,History
Brazen: The Courage to Find the You That's Been Hiding,2,£,19.22,77e9ea355bd8ae57,8,0,Nonfiction
Between the World and Me,4,£,56.91,04e3de7ac35ec5cd,8,0,Nonfiction
Being Mortal: Medicine and What Matters in the End,4,£,55.06,15ebd83e53d0391b,8,0,Nonfiction
"A Murder Over a Girl: Justice, Gender, Junior High",3,£,13.2,fef91502cbacf23a,8,0,Nonfiction
32 Yolks,2,£,53.63,b1a227b7609ff263,8,0,Food and Drink
"""Most Blessed of the Patriarchs"": Thomas Jefferson and the Empire of the Imagination",5,£,44.48,f16c2edb2a603f92,8,0,History
You Are a Badass: How to Stop Doubting Your Greatness and Start Living an Awesome Life,3,£,12.08,88ec621893e595d0,7,0,Self Help
Wildlife of New York: A Five-Borough Coloring Book,2,£,22.14,b46d022080543144,7,0,Default
What Happened on Beale Street (Secrets of the South Mysteries #2),5,£,25.37,9735c969c652dd89,7,0,Mystery
Unreasonable Hope: Finding Faith in the God Who Brings Purpose to Your Pain,2,£,46.33,48cb52d78c992487,7,0,Spirituality
Under the Tuscan Sun,3,£,37.33,a94350ee74deaa07,7,0,Travel
Toddlers Are A**holes: It's Not Your Fault,1,£,25.55,4242cc3d0437db12,7,0,Humor
The Year of Living Biblically: One Man's Humble Quest to Follow the Bible as Literally as Possible,1,£,34.72,4a0b78598b42897a,7,0,Default
The Whale,4,£,35.96,0ff9d10864db8364,7,0,Childrens
The Story of Art,4,£,41.14,9147c5251cc99eb1,7,0,Art
The Origin of Species,4,£,10.01,0345872b14f9e774,7,0,Science
The Great Gatsby,4,£,36.05,a8dbf1c6b41b885a,7,0,Default
The Good Girl,3,£,49.03,f935412970c9f58f,7,0,Default
The Glass Castle,1,£,16.24,47f4fd3e8e1dac05,7,0,Add a comment
The Faith of Christopher Hitchens: The Restless Soul of the World's Most Notorious Atheist,1,£,39.55,57f85720e54d6442,7,0,Biography
The Drowning Girls,3,£,35.67,7a10353c9c54cf7c,7,0,Add a comment
The Constant Princess (The Tudor Court #1),3,£,16.62,24933c712f0bca2f,7,0,Historical Fiction
The Bourne Identity (Jason Bourne #1),4,£,42.78,d250657f0ebc5d73,7,0,Fiction
The Bachelor Girl's Guide to Murder (Herringford and Watts Mysteries #1),5,£,52.3,20789fb17b423c4c,7,0,Mystery
The Art Book,2,£,32.34,4b8fa561a1e52d1c,7,0,Art
The 7 Habits of Highly Effective People: Powerful Lessons in Personal Change,4,£,33.17,5fbd03b1ac0a0e69,7,0,Default
Team of Rivals: The Political Genius of Abraham Lincoln,5,£,20.12,ba047a636b7d3793,7,0,Add a comment
Steal Like an Artist: 10 Things Nobody Told You About Being Creative,2,£,20.9,8776181be110838a,7,0,Default
"Sit, Stay, Love",3,£,20.9,bd087cf6a846db75,7,0,Romance
Sister Dear,4,£,40.2,7ffebdd1d5148aef,7,0,Fiction
"Shrunken Treasures: Literary Classics, Short, Sweet, and Silly",3,£,52.87,9639e89d20228e6e,7,0,Childrens
"Rich Dad, Poor Dad",1,£,51.74,8486f61aa81a3daa,7,0,Business
Raymie Nightingale,2,£,34.41,31c56c4d0fe19340,7,0,Childrens
Playing from the Heart,1,£,32.38,68008abf6409dfde,7,0,Childrens
Nightstruck: A Novel,4,£,50.35,746029796363aa51,7,0,Young Adult
"Naturally Lean: 125 Nourishing Gluten-Free, Plant-Based Recipes--All Under 300 Calories",5,£,11.38,924438fc6cbec836,7,0,Food and Drink
Meternity,3,£,43.58,725cd8d23d78cdca,7,0,Womens Fiction
Memoirs of a Geisha,3,£,49.67,dac4b5847454fd9b,7,0,Fiction
Like Never Before (Walker Family #2),2,£,28.77,b6670507e85b30e6,7,0,Christian Fiction
Life of Pi,4,£,13.22,40cdcbb7692fd408,7,0,Default
Leave This Song Behind: Teen Poetry at Its Best,5,£,51.17,b74ee891e2a6dd69,7,0,Poetry
King's Folly (The Kinsman Chronicles #1),5,£,39.61,4c82371b8cd02d4d,7,0,Fantasy
John Adams,4,£,57.43,68407606544d6f22,7,0,Add a comment
How to Cook Everything Vegetarian: Simple Meatless Recipes for Great Food (How to Cook Everything),4,£,46.01,2a9fcb3382d351c8,7,0,Food and Drink
How to Be a Domestic Goddess: Baking and the Art of Comfort Cooking,2,£,28.25,eff5710404e2ff78,7,0,Food and Drink
Good in Bed (Cannie Shapiro #1),5,£,37.05,c00bc29a678a6efb,7,0,Add a comment
"Fruits Basket, Vol. 7 (Fruits Basket #7)",1,£,19.57,de6d7645f192d517,7,0,Sequential Art
For the Love: Fighting for Grace in a World of Impossible Standards,3,£,45.13,2e40333991f56f45,7,0,Nonfiction
Finding God in the Ruins: How God Redeems Pain,2,£,46.64,4e78f06160b717ac,7,0,Nonfiction
Every Heart a Doorway (Every Heart A Doorway #1),5,£,12.16,4fa75fc6829431ca,7,0,Fantasy
Delivering the Truth (Quaker Midwife Mystery #1),4,£,20.89,4e980425468708da,7,0,Mystery
Counted With the Stars (Out from Egypt #1),5,£,17.97,4807043b8218e9ce,7,0,Christian Fiction
"Chronicles, Vol. 1",2,£,52.6,4781b6bfd6f7a2c5,7,0,Music
Blue Like Jazz: Nonreligious Thoughts on Christian Spirituality,1,£,25.77,a322361a37a78d3d,7,0,Christian
Benjamin Franklin: An American Life,3,£,48.19,5b546a46a86a9d8c,7,0,Biography
"At The Existentialist CafÃ©: Freedom, Being, and apricot cocktails with: Jean-Paul Sartre, Simone de Beauvoir, Albert Camus, Martin Heidegger, Edmund Husserl, Karl Jaspers, Maurice Merleau-Ponty and others",5,£,29.93,6b52904b2ab91bf6,7,0,Philosophy
A Summer In Europe,2,£,44.34,cc1936a9f4e93477,7,0,Travel
A Short History of Nearly Everything,5,£,52.4,6c7fa6844380f50a,7,0,History
A Gathering of Shadows (Shades of Magic #2),4,£,44.81,d1378a0ad06ff979,7,0,Fantasy
The Sound Of Love,5,£,57.84,5ba3d703d1ae0c1d,6,0,Default
The Rise and Fall of the Third Reich: A History of Nazi Germany,2,£,39.67,774fa432bd7d9c47,6,0,History
The Perks of Being a Wallflower,3,£,55.02,fd364afd082f5446,6,0,Default
The Mysterious Affair at Styles (Hercule Poirot #1),4,£,24.8,2da5edf8b5776c9a,6,0,Mystery
The Man Who Mistook His Wife for a Hat and Other Clinical Tales,4,£,59.45,60376aa71be66083,6,0,Nonfiction
The Makings of a Fatherless Child,2,£,31.58,2efa5a839e62b1bd,6,0,Default
The Joy of Cooking,4,£,43.27,d326e189b1210916,6,0,Add a comment
The Invention of Wings,1,£,37.34,e6635f5b0a2c78db,6,0,Historical Fiction
The Hobbit (Middle-Earth Universe),5,£,17.8,72b5355dda190b6a,6,0,Default
The Great Railway Bazaar,1,£,30.54,48736df57e7bec9f,6,0,Travel
The Golden Compass (His Dark Materials #1),1,£,18.77,d33824cb93ecab6f,6,0,Add a comment
The God Delusion,3,£,46.85,2bc80eba94950873,6,0,Add a comment
The Girl You Left Behind (The Girl You Left Behind #1),1,£,15.79,eb7459e0c570251d,6,0,Historical
The Fellowship of the Ring (The Lord of the Rings #1),2,£,10.27,cb17945cb90b7837,6,0,Default
The Collected Poems of W.B. Yeats (The Collected Works of W.B. Yeats #1),5,£,15.42,3d250ab0f12be445,6,0,Poetry
The Barefoot Contessa Cookbook,5,£,59.92,6478ccb4416e6a5d,6,0,Food and Drink
Tell the Wolves I'm Home,2,£,50.96,2a1b3d967cda1da2,6,0,Young Adult
Ship Leaves Harbor: Essays on Travel by a Recovering Journeyman,3,£,30.6,8d8e9f9b8730eb25,6,0,Default
Pride and Prejudice,4,£,19.27,720c36b2bee4692e,6,0,Add a comment
Musicophilia: Tales of Music and the Brain,1,£,46.58,6d235933670503d9,6,0,Default
Mere Christianity,3,£,48.51,f38f37ed934d84b2,6,0,Add a comment
Me Before You (Me Before You #1),1,£,19.02,7a2b51f69e81c722,6,0,Fiction
In the Woods (Dublin Murder Squad #1),2,£,38.38,6958de044cb28a84,6,0,Mystery
In Cold Blood,4,£,49.98,fe0f34ebed689381,6,0,Nonfiction
How to Stop Worrying and Start Living,5,£,46.49,e792c0969cefe1b8,6,0,Self Help
Give It Back,2,£,18.32,012170e4fc87ace0,6,0,Thriller
"Girl, Interrupted",3,£,42.14,384c7d41d5ffe9d1,6,0,Nonfiction
Fun Home: A Family Tragicomic,4,£,56.59,56a34d0cec11d6b0,6,0,Add a comment
"Fruits Basket, Vol. 6 (Fruits Basket #6)",4,£,20.96,97258f576d4bb672,6,0,Sequential Art
Deception Point,4,£,40.32,4e3b183180e2a992,6,0,Fiction
"Death Note, Vol. 6: Give-and-Take (Death Note #6)",3,£,36.39,6e06d0f00f6da20f,6,0,Sequential Art
Catherine the Great: Portrait of a Woman,4,£,58.55,f3c70d296ec796c4,6,0,History
Better Homes and Gardens New Cook Book,3,£,39.61,faf841f81c52638b,6,0,Food and Drink
An Unquiet Mind: A Memoir of Moods and Madness,3,£,21.3,46cb43c2ab133ccc,6,0,Psychology
A Year in Provence (Provence #1),4,£,56.88,9e60929f521fa280,6,0,Travel
World Without End (The Pillars of the Earth #2),4,£,32.97,2e5b4ff08a75fd02,5,0,Historical Fiction
"Will Grayson, Will Grayson (Will Grayson, Will Grayson)",4,£,47.31,e75f3ae1da1cc652,5,0,Young Adult
Why Save the Bankers?: And Other Essays on Our Economic and Political Crisis,2,£,48.67,759ee7d059b1beb8,5,0,Nonfiction
Where She Went (If I Stay #2),4,£,41.73,60369d96b7b80869,5,0,Young Adult
What If?: Serious Scientific Answers to Absurd Hypothetical Questions,4,£,53.68,163d89116179c33f,5,0,Default
Two Summers,1,£,14.64,3a7d54a264d9f33e,5,0,Young Adult
This Is Your Brain on Music: The Science of a Human Obsession,1,£,38.4,bc209a900101f28d,5,0,Music
The Secret Garden,4,£,15.08,abbb492978ff656d,5,0,Classics
The Raven King (The Raven Cycle #4),2,£,30.57,2e4fc5eacceec12c,5,0,Add a comment
The Raven Boys (The Raven Cycle #1),4,£,57.74,e0b3a679b83caccc,5,0,Fantasy
The Power Greens Cookbook: 140 Delicious Superfood Recipes,5,£,11.05,f701fae56b645ef7,5,0,Food and Drink
The Metamorphosis,1,£,28.58,93379e3a2072a01b,5,0,Classics
The Mathews Men: Seven Brothers and the War Against Hitler's U-boats,5,£,42.91,0d210d2448c3018f,5,0,History
The Little Paris Bookshop,3,£,24.73,dfd9ff1f343cdaff,5,0,Fiction
The Hiding Place,4,£,55.91,c4589ee5977a47be,5,0,History
The Grand Design,3,£,13.76,3213b1f13f5f0f7c,5,0,Science
The Firm,3,£,45.56,ad84f18659e6bfe2,5,0,Fiction
The Fault in Our Stars,1,£,47.22,3661360c99719414,5,0,Default
The False Prince (The Ascendance Trilogy #1),5,£,56,a2a9f76339d21ab1,5,0,Fantasy
The Expatriates,2,£,44.58,fe7210553d56c097,5,0,Fiction
The Dream Thieves (The Raven Cycle #2),1,£,34.5,fec06f52054ea900,5,0,Default
The Darkest Corners,5,£,11.33,c4182bdb53e2459a,5,0,Young Adult
The Crossover,4,£,38.77,b228042c088b1913,5,0,Poetry
The 5th Wave (The 5th Wave #1),2,£,11.83,b716233fcb6877e6,5,0,Default
Tell the Wind and Fire,3,£,45.51,84126312e2431a09,5,0,Fantasy
Tell Me Three Things,1,£,41.81,50d5a7b861ed1c54,5,0,Young Adult
Talking to Girls About Duran Duran: One Young Man's Quest for True Love and a Cooler Haircut,4,£,25.15,1dba84766a5e87b8,5,0,Nonfiction
Siddhartha,5,£,34.22,84bb29c53592ac40,5,0,Fiction
Shiver (The Wolves of Mercy Falls #1),5,£,16.23,59a8ae019b64f2a7,5,0,Default
Remember Me?,3,£,11.48,2973d38c2fbd7a5c,5,0,Default
Red Dragon (Hannibal Lecter #1),3,£,23.37,e958ae92f328c181,5,0,Horror
Peak: Secrets from the New Science of Expertise,2,£,16.28,6036239d2ab349b7,5,0,Science
My Mother Was Nuts,4,£,31.63,a4ce39a3720cd679,5,0,Nonfiction
Mexican Today: New and Rediscovered Recipes for Contemporary Kitchens,5,£,24.91,12a90b90283b2e6d,5,0,Food and Drink
Maybe Something Beautiful: How Art Transformed a Neighborhood,1,£,22.54,81c68492ccd72941,5,0,Childrens
Lola and the Boy Next Door (Anna and the French Kiss #2),4,£,23.63,5e1a88d248599768,5,0,Young Adult
Logan Kade (Fallen Crest High #5.5),2,£,13.12,7093cf549cd2e7de,5,0,Academic
Last One Home (New Beginnings #1),3,£,59.98,07e6810fd3236bda,5,0,Fiction
Killing Floor (Jack Reacher #1),4,£,31.49,8dde2ff3f6fcc0a3,5,0,Thriller
Kill the Boy Band,5,£,15.52,44f545727e704187,5,0,Young Adult
Isla and the Happily Ever After (Anna and the French Kiss #3),5,£,48.13,45045146dbf7b009,5,0,Young Adult
If I Stay (If I Stay #1),5,£,38.13,7284d85428305f5a,5,0,Default
I Know Why the Caged Bird Sings (Maya Angelou's Autobiography #1),2,£,36.55,d219d4e325e6f204,5,0,Default
Harry Potter and the Deathly Hallows (Harry Potter #7),1,£,23.32,6c49258724f11770,5,0,Default
"Fruits Basket, Vol. 5 (Fruits Basket #5)",1,£,16.33,3fd83dcf37bf1bc0,5,0,Sequential Art
Foundation (Foundation (Publication Order) #1),1,£,32.42,3fc124f59f3068e4,5,0,Science Fiction
Fool Me Once,1,£,16.96,630e766f0a1987dd,5,0,Default
Find Her (Detective D.D. Warren #8),1,£,22.37,b28c7d07afa7063b,5,0,Add a comment
Evicted: Poverty and Profit in the American City,1,£,42.27,75cc85cdbe9ad46b,5,0,Add a comment
Drama,2,£,38.7,d5ad4c92d8bf26c9,5,0,Default
Dracula the Un-Dead,5,£,35.63,e46b1074b99ac4b6,5,0,Horror
Digital Fortress,5,£,58,94bb629a3f6dd00b,5,0,Fiction
"Death Note, Vol. 5: Whiteout (Death Note #5)",1,£,52.41,1c0a38899c82b60a,5,0,Sequential Art
"Data, A Love Story: How I Gamed Online Dating to Meet My Match",3,£,32.35,bcf567421c581f0a,5,0,Nonfiction
Critique of Pure Reason,1,£,20.75,429b4a811bef386c,5,0,Philosophy
Booked,5,£,17.49,b54d7416bb445989,5,0,Poetry
"Blue Lily, Lily Blue (The Raven Cycle #3)",5,£,34.13,ad5e078beceaeb4a,5,0,Default
Approval Junkie: Adventures in Caring Too Much,5,£,58.81,612369a5947a012e,5,0,Autobiography
An Abundance of Katherines,5,£,10,f36d24c309e87e5b,5,0,Young Adult
America's War for the Greater Middle East: A Military History,2,£,51.22,add33db6ff80db24,5,0,History
Alight (The Generations Trilogy #2),4,£,58.59,d9290e99f189ce84,5,0,Default
A Girl's Guide to Moving On (New Beginnings #2),1,£,31.3,cf3b86489890b9f2,5,0,Romance
A Game of Thrones (A Song of Ice and Fire #1),2,£,46.42,03cbb67c0f990d87,5,0,Add a comment
A Feast for Crows (A Song of Ice and Fire #4),4,£,17.21,f2c8f4b4c94d5c5c,5,0,Fantasy
A Clash of Kings (A Song of Ice and Fire #2),3,£,10.79,89a89e76f3516357,5,0,Add a comment
Vogue Colors A to Z: A Fashion Coloring Book,4,£,52.35,a8f4577a48023344,4,0,Default
The Shining (The Shining #1),3,£,27.88,d4de23aa98acc65b,4,0,Default
The Pilgrim's Progress,2,£,50.26,6053ddf69c967d5f,4,0,Classics
The Perfect Play (Play by Play #1),3,£,59.99,9cc207168a03470d,4,0,Romance
The Passion of Dolssa,5,£,28.32,011674f4a3834b8d,4,0,Historical Fiction
The Jazz of Physics: The Secret Link Between Music and the Structure of the Universe,3,£,38.71,6a57286a8890d8c5,4,0,Nonfiction
The Hunger Games (The Hunger Games #1),5,£,29.85,6d2f70d9424f41a1,4,0,Default
The Hound of the Baskervilles (Sherlock Holmes #5),2,£,14.82,6587f46697fc4443,4,0,Classics
The Gunning of America: Business and the Making of American Gun Culture,4,£,16.81,45033bdf3d9ed158,4,0,Nonfiction
The Geography of Bliss: One Grump's Search for the Happiest Places in the World,2,£,28.23,c65ee14957c0fa5c,4,0,Nonfiction
The Demonists (Demonist #1),2,£,52.11,ff2dffba388d9922,4,0,Fantasy
"The Demon Prince of Momochi House, Vol. 4 (The Demon Prince of Momochi House #4)",2,£,27.88,df53c2948b32bde3,4,0,Sequential Art
The Bone Hunters (Lexy Vaughan & Steven Macaulay #2),3,£,59.71,9c4d061c1e2fe6bf,4,0,Thriller
The Beast (Black Dagger Brotherhood #14),5,£,46.08,8930013d06942df1,4,0,Fantasy
Some Women,5,£,13.73,31f5bbf4974d29c9,4,0,Womens Fiction
Shopaholic Ties the Knot (Shopaholic #3),5,£,48.39,38199c5d7da0c0ef,4,0,Womens Fiction
Paper and Fire (The Great Library #2),5,£,49.45,ae884ac655d6ee3e,4,0,Fantasy
Outlander (Outlander #1),5,£,19.67,5de4baa88061a77a,4,0,Default
"Orchestra of Exiles: The Story of Bronislaw Huberman, the Israel Philharmonic, and the One Thousand Jews He Saved from Nazi Horrors",3,£,12.36,2ba5ccc84d35006c,4,0,Music
No One Here Gets Out Alive,5,£,20.02,3a95f5a2df4ff921,4,0,Music
Night Shift (Night Shift #1-20),4,£,12.75,869d20b3b8128230,4,0,Horror
Needful Things,4,£,47.51,70b585c9d0f15725,4,0,Horror
Mockingjay (The Hunger Games #3),4,£,20.44,5212c6acea3359e5,4,0,Default
Misery,2,£,34.79,81d4191030b9704b,4,0,Horror
Little Women (Little Women #1),4,£,28.07,deda806b68b0aa11,4,0,Classics
It,3,£,25.01,670a2773607d785d,4,0,Horror
Harry Potter and the Sorcerer's Stone (Harry Potter #1),3,£,13.9,ac337893a9fe0085,4,0,Default
Harry Potter and the Prisoner of Azkaban (Harry Potter #3),4,£,24.17,eff24325e0ede639,4,0,Young Adult
Harry Potter and the Order of the Phoenix (Harry Potter #5),4,£,31.63,5a6b7155f2797537,4,0,Fantasy
Harry Potter and the Half-Blood Prince (Harry Potter #6),5,£,48.75,73f4f87dd936ee5c,4,0,Fantasy
Harry Potter and the Chamber of Secrets (Harry Potter #2),1,£,14.74,c7c4f55b7321cba7,4,0,Fantasy
Gone with the Wind,3,£,32.49,23310ce84d3c9f85,4,0,Classics
God Is Not Great: How Religion Poisons Everything,1,£,27.8,ddbc5530d2939d49,4,0,Nonfiction
Girl With a Pearl Earring,1,£,26.77,5eff05e59f905a49,4,0,Historical Fiction
"Fruits Basket, Vol. 4 (Fruits Basket #4)",4,£,50.44,8fff1084aa085a13,4,0,Sequential Art
Far From True (Promise Falls Trilogy #2),2,£,34.93,ad15a9a139919918,4,0,Thriller
Dark Lover (Black Dagger Brotherhood #1),1,£,12.87,2b69d289279aabfd,4,0,Romance
Confessions of a Shopaholic (Shopaholic #1),2,£,48.94,a2dc754afb69bb32,4,0,Default
Changing the Game (Play by Play #2),3,£,13.38,aaebac5fda798b1b,4,0,Romance
Candide,3,£,58.63,2798974abc8a58a8,4,0,Classics
Can You Keep a Secret?,1,£,21.94,0812f54c93d726ce,4,0,Womens Fiction
Atlas Shrugged,5,£,26.58,78a4ac98191ac675,4,0,Fiction
Animal Farm,3,£,57.22,1451b55e5e56bb89,4,0,Classics
A Walk to Remember,1,£,56.43,aead11697d14ea36,4,0,Romance
A New Earth: Awakening to Your Life's Purpose,5,£,55.65,f6ae39568db1130e,4,0,Spirituality
"A History of God: The 4,000-Year Quest of Judaism, Christianity, and Islam",1,£,27.62,d12ca4020c2f602e,4,0,Religion
'Salem's Lot,4,£,49.56,6e9403f00acd6752,4,0,Horror
Zero History (Blue Ant #3),1,£,34.77,634b7165c96ebb9f,3,0,Default
Wuthering Heights,3,£,17.73,5a7ff9aaa3168878,3,0,Classics
World War Z: An Oral History of the Zombie War,1,£,21.8,5d55202da0252627,3,0,Default
Wild: From Lost to Found on the Pacific Crest Trail,3,£,46.02,d30b9215c72cca87,3,0,Default
"Where'd You Go, Bernadette",1,£,18.13,07bb35158d9dd3d2,3,0,Default
When You Are Engulfed in Flames,5,£,30.89,dab0196cd5fc8e5e,3,0,Humor
We the People: The Modern-Day Figures Who Have Reshaped and Affirmed the Founding Fathers' Vision of America,3,£,31.95,06bab964fd536971,3,0,Nonfiction
We Are All Completely Beside Ourselves,1,£,24.04,be3db344a845580b,3,0,Contemporary
Walk the Edge (Thunder Road #2),3,£,32.36,0e4e2d31c2fb3aad,3,0,Young Adult
Voyager (Outlander #3),5,£,21.07,7feac4000cbc5859,3,0,Historical Fiction
Very Good Lives: The Fringe Benefits of Failure and the Importance of Imagination,3,£,50.66,52aa3d79b1cee455,3,0,Nonfiction
Vegan Vegetarian Omnivore: Dinner for Everyone at the Table,2,£,13.66,4672d10b9b1e7a05,3,0,Food and Drink
"Unstuffed: Decluttering Your Home, Mind, and Soul",1,£,58.09,b830685072fa871f,3,0,Nonfiction
Under the Banner of Heaven: A Story of Violent Faith,1,£,30,599a4f98bb193368,3,0,Nonfiction
Two Boys Kissing,2,£,32.74,61bc8167c9680283,3,0,Young Adult
Twilight (Twilight #1),2,£,41.93,b53078de0147f6bf,3,0,Default
Twenties Girl,2,£,42.8,8ebad30219b8679c,3,0,Womens Fiction
"Trespassing Across America: One Man's Epic, Never-Done-Before (and Sort of Illegal) Hike Across the Heartland",1,£,53.51,2173a2ce35f6ace1,3,0,Nonfiction
Three-Martini Lunch,3,£,23.21,57f755143ee96fd4,3,0,Fiction
"Thinking, Fast and Slow",1,£,21.14,719d72f3ee512dc6,3,0,Psychology
The Wild Robot,3,£,56.07,75fed6a47f69859d,3,0,Childrens
"The Wicked + The Divine, Vol. 3: Commercial Suicide (The Wicked + The Divine)",3,£,14.41,a33ed2e6068df53e,3,0,Sequential Art
The Undomestic Goddess,4,£,45.75,813cff2aefa5d1f0,3,0,Womens Fiction
The Travelers,1,£,15.77,2b685187f55c5d31,3,0,Thriller
The Tipping Point: How Little Things Can Make a Big Difference,2,£,10.02,224fa77d4b248046,3,0,Add a comment
The Thing About Jellyfish,1,£,48.77,3d15714d4d3d15dd,3,0,Childrens
The Stand,2,£,57.86,49f24193f0b961e6,3,0,Horror
The Smitten Kitchen Cookbook,1,£,23.59,742702d662a71410,3,0,Food and Drink
The Silkworm (Cormoran Strike #2),5,£,23.05,f06039c29b5891fa,3,0,Mystery
"The Sandman, Vol. 3: Dream Country (The Sandman (volumes) #3)",5,£,55.55,91eb9605998a7c03,3,0,Sequential Art
The Rose & the Dagger (The Wrath and the Dawn #2),4,£,58.64,322a9e34d87f54b1,3,0,Fantasy
The Road to Little Dribbling: Adventures of an American in Britain (Notes From a Small Island #2),1,£,23.21,366a236aa1ea6f07,3,0,Travel
The Rise of Theodore Roosevelt (Theodore Roosevelt #1),3,£,42.57,1a5044d233936b1a,3,0,Biography
The Restaurant at the End of the Universe (Hitchhiker's Guide to the Galaxy #2),1,£,10.92,0e92ccf1bd39e68f,3,0,Science Fiction
The Rest Is Noise: Listening to the Twentieth Century,1,£,34.77,e2d47e82c50d41d9,3,0,Add a comment
The Red Tent,5,£,35.66,3c456328b04a8ee8,3,0,Historical Fiction
The Purpose Driven Life: What on Earth Am I Here for?,3,£,37.19,0e7beedf0ee9380c,3,0,Add a comment
The Purest Hook (Second Circle Tattoos #3),1,£,12.25,969f6c7e86554814,3,0,Romance
The Picture of Dorian Gray,2,£,29.7,b9f6305a3d650e2c,3,0,Classics
The Paris Wife,3,£,36.8,fa26798728f5208f,3,0,Default
The Obsession,1,£,45.43,ee441c8e027caa66,3,0,Romance
The Nightingale,4,£,26.26,29d6d87f3418638b,3,0,Fiction
The New Guy (and Other Senior Year Distractions),3,£,44.92,3e42ac0f4d43320f,3,0,Young Adult
The Nanny Diaries (Nanny #1),5,£,52.53,6263c1d2997b8ce0,3,0,Womens Fiction
The Name of God is Mercy,2,£,37.25,0baf71623648413a,3,0,Nonfiction
The Maze Runner (The Maze Runner #1),1,£,20.93,4266f48a0aa1c37d,3,0,Default
The Lover's Dictionary,2,£,58.09,36c15687f5ab0f7c,3,0,Default
The Lonely Ones,5,£,43.59,cf2f27fdf94ba20e,3,0,Childrens
The Lean Startup: How Today's Entrepreneurs Use Continuous Innovation to Create Radically Successful Businesses,3,£,33.92,70c7c3ca7f9b2728,3,0,Business
The Last Painting of Sara de Vos,2,£,55.55,476c7972e9b41891,3,0,Historical Fiction
"The Land of 10,000 Madonnas",4,£,29.64,35e69a79d2b1e804,3,0,Young Adult
The Infinities,1,£,27.41,554e9e2d532b3a87,3,0,Fiction
The Husband's Secret,5,£,52.51,ff6bb30dd0c482a6,3,0,Fiction
The Hitchhiker's Guide to the Galaxy (Hitchhiker's Guide to the Galaxy #1),3,£,47.8,a8b0ea6490bc818f,3,0,Add a comment
The Guns of August,2,£,14.54,b5da59dd177eb36b,3,0,History
The Guernsey Literary and Potato Peel Pie Society,1,£,49.53,4a0a276409968a73,3,0,Historical Fiction
The Goldfinch,3,£,43.58,c88422d8959260ab,3,0,Default
The Giver (The Giver Quartet #1),1,£,12.3,e2dac1f4739e0bd5,3,0,Default
The Girl with All the Gifts,3,£,49.47,92dcc54a27107a37,3,0,Horror
The Girl Who Played with Fire (Millennium Trilogy #2),2,£,22.14,bfa9cb304075d3e8,3,0,Default
The Girl Who Kicked the Hornet's Nest (Millennium Trilogy #3),1,£,57.48,8f5d16a5a9bd58b2,3,0,Add a comment
The Exiled,3,£,43.45,dd003e904727281a,3,0,Mystery
"The End of Faith: Religion, Terror, and the Future of Reason",4,£,22.13,b3f2bc2cefb35f05,3,0,Add a comment
"The Elegant Universe: Superstrings, Hidden Dimensions, and the Quest for the Ultimate Theory",4,£,13.03,c6bf14cb901c63ac,3,0,Science
"The Disappearing Spoon: And Other True Tales of Madness, Love, and the History of the World from the Periodic Table of the Elements",5,£,57.35,63c0826ef59eae66,3,0,Science
The Devil Wears Prada (The Devil Wears Prada #1),1,£,44.29,a6ab0cb7106a67f2,3,0,Womens Fiction
The Demon-Haunted World: Science as a Candle in the Dark,4,£,52.25,f51062bf579507d9,3,0,Default
The Day the Crayons Came Home (Crayons),5,£,26.33,b22362b434e8ee62,3,0,Childrens
The Da Vinci Code (Robert Langdon #2),2,£,22.96,dabf11918b48b40c,3,0,Fiction
The Cuckoo's Calling (Cormoran Strike #1),1,£,19.21,1be6d3b121865edb,3,0,Mystery
The Complete Stories and Poems (The Works of Edgar Allan Poe [Cameo Edition]),4,£,26.78,cad70d6ffd53912f,3,0,Classics
The Complete Poems,5,£,41.32,23707d3ddf14a999,3,0,Add a comment
The Catcher in the Rye,1,£,24.55,487449f4f6322f0f,3,0,Add a comment
The Cat in the Hat (Beginner Books B-1),2,£,16.26,b7f475238ed50429,3,0,Childrens
The Case for Christ (Cases for Christianity),1,£,47.84,970bd3316219e7dc,3,0,Add a comment
The Book Thief,2,£,53.49,a75e274c8814b539,3,0,Default
The Book of Basketball: The NBA According to The Sports Guy,5,£,44.84,08decd9664e5d56e,3,0,Sports and Games
The Blind Side: Evolution of a Game,5,£,53.71,cd3dcd83bb002e78,3,0,Add a comment
The Autobiography of Malcolm X,2,£,23.43,b04a6a0db525857d,3,0,Default
"The Art of Simple Food: Notes, Lessons, and Recipes from a Delicious Revolution",3,£,34.32,311634df10651e05,3,0,Food and Drink
The Art of Fielding,1,£,22.1,2858ac90c4758e1f,3,0,Fiction
"Surely You're Joking, Mr. Feynman!: Adventures of a Curious Character",2,£,25.83,61002f3b7ba5d780,3,0,Science
Stiff: The Curious Lives of Human Cadavers,3,£,36.74,a11ae5f07572ef49,3,0,Nonfiction
Spilled Milk: Based on a True Story,1,£,49.51,f08667e4c0458f37,3,0,Nonfiction
Something Borrowed (Darcy & Rachel #1),5,£,48.96,ac27ab4bcd9c492e,3,0,Womens Fiction
Something Blue (Darcy & Rachel #2),1,£,54.62,3fc9d51d1c4d6ba7,3,0,Womens Fiction
Soldier (Talon #3),2,£,24.72,feaaae90514eb2ac,3,0,Fantasy
Shopaholic & Baby (Shopaholic #5),2,£,46.45,c57d3c96af23c297,3,0,Default
Seven Days in the Art World,2,£,52.33,07806456878931bc,3,0,Add a comment
Seven Brief Lessons on Physics,4,£,30.6,281a244ce1954711,3,0,Science
Scarlet (The Lunar Chronicles #2),4,£,14.57,510832818edb6fbc,3,0,Young Adult
Sarah's Key,1,£,46.29,5b2cd5b31a510848,3,0,Add a comment
"Saga, Volume 3 (Saga (Collected Editions) #3)",5,£,21.57,7b870bf85d01c2dc,3,0,Sequential Art
Running with Scissors,4,£,12.91,28921443f052bea6,3,0,Autobiography
Rogue Lawyer (Rogue Lawyer #1),3,£,50.11,b4f5672f68ec3a83,3,0,Add a comment
"Rise of the Rocket Girls: The Women Who Propelled Us, from Missiles to the Moon to Mars",4,£,41.67,89cad3f37c9ce226,3,0,Nonfiction
Rework,2,£,44.88,8e9dd8431170c09e,3,0,Business
Reservations for Two,3,£,11.1,ecdf73ee66c33b17,3,0,Romance
Red: The True Story of Red Riding Hood,3,£,28.54,4c8ece50736f9e88,3,0,Childrens
Ready Player One,4,£,19.07,2ef5dc7e278e562a,3,0,Science Fiction
Quiet: The Power of Introverts in a World That Can't Stop Talking,1,£,43.55,3c565df219ba3274,3,0,Default
Prodigy: The Graphic Novel (Legend: The Graphic Novel #2),3,£,43.63,9707989a439757b4,3,0,Sequential Art
Persepolis: The Story of a Childhood (Persepolis #1-2),1,£,39.13,cb62418129b864a3,3,0,Sequential Art
Packing for Mars: The Curious Science of Life in the Void,2,£,56.68,8e2dfd6bcf48e1e6,3,0,Default
Outliers: The Story of Success,1,£,14.16,09a7b0b566ad6225,3,0,Nonfiction
Original Fake,3,£,31.45,c59283b05905c853,3,0,Sequential Art
Orange Is the New Black,2,£,24.61,8378c899988905ee,3,0,Default
One for the Money (Stephanie Plum #1),2,£,32.87,3250650a5c4e6f07,3,0,Default
Notes from a Small Island (Notes From a Small Island #1),1,£,40.17,cb65e49993db9a93,3,0,Nonfiction
Night (The Night Trilogy #1),1,£,13.51,c4d9fce9eff3b8ba,3,0,Nonfiction
Neither Here nor There: Travels in Europe,3,£,38.95,747cf7fca2ccdbd4,3,0,Travel
Naked,3,£,31.69,54aeeb4610d3ae08,3,0,Humor
Morning Star (Red Rising #3),1,£,29.4,7ce5a92baabb6bc0,3,0,Default
"Miracles from Heaven: A Little Girl, Her Journey to Heaven, and Her Amazing Story of Healing",1,£,57.83,7980fa06f2b704d8,3,0,Nonfiction
Midnight Riot (Peter Grant/ Rivers of London - books #1),2,£,55.46,e9056f9b5a40a301,3,0,Fantasy
Me Talk Pretty One Day,2,£,57.6,abc4a7ee16c21088,3,0,Autobiography
Manuscript Found in Accra,2,£,34.98,546da23278482b0a,3,0,Add a comment
Lust & Wonder,2,£,11.87,0dcadb06206abd3c,3,0,Autobiography
Lila (Gilead #3),3,£,12.47,4ef75307fb64e2ad,3,0,Fiction
"Life, the Universe and Everything (Hitchhiker's Guide to the Galaxy #3)",2,£,33.26,4b3f4f151c99f472,3,0,Science Fiction
Life Without a Recipe,5,£,59.04,c53d9fefcda371e9,3,0,Autobiography
Life After Life,2,£,26.13,4ec53ff7e2263f32,3,0,Default
Letter to a Christian Nation,1,£,22.2,1de75f05d57bfc10,3,0,Nonfiction
Let's Pretend This Never Happened: A Mostly True Memoir,1,£,45.11,1246e4ffeb5ac4ea,3,0,Nonfiction
Legend (Legend #1),4,£,43.69,0ce8075fab4a2b5b,3,0,Young Adult
"Lean In: Women, Work, and the Will to Lead",1,£,25.02,d5e1a9bfe22bbf9f,3,0,Default
"Lamb: The Gospel According to Biff, Christ's Childhood Pal",5,£,55.5,190fbebbf798c31a,3,0,Humor
Lady Renegades (Rebel Belle #3),5,£,53.04,16e843e6b853cc2f,3,0,Young Adult
Jurassic Park (Jurassic Park #1),1,£,44.97,a0dd11f6abc421ec,3,0,Fiction
It's Never Too Late to Begin Again: Discovering Creativity and Meaning at Midlife and Beyond,1,£,42.38,d4a29356fc992879,3,0,Nonfiction
Is Everyone Hanging Out Without Me? (And Other Concerns),3,£,20.11,034829ffdd0a0aea,3,0,Default
Into the Wild,5,£,56.7,a7c3f1010d64799a,3,0,Nonfiction
Inferno (Robert Langdon #4),5,£,41,6c4646d90b60a56c,3,0,Fiction
"In the Garden of Beasts: Love, Terror, and an American Family in Hitler's Berlin",3,£,28.85,d8292cd5f1aca291,3,0,Nonfiction
If I Run (If I Run #1),4,£,49.97,61569d12d4ae7161,3,0,Christian Fiction
I've Got Your Number,1,£,19.69,6b32b561dab8036c,3,0,Womens Fiction
I Am Malala: The Girl Who Stood Up for Education and Was Shot by the Taliban,2,£,28.88,8010c7c148057fd3,3,0,Nonfiction
Hungry Girl Clean & Hungry: Easy All-Natural Recipes for Healthy Eating in the Real World,3,£,33.14,6c4d17a46cac8787,3,0,Food and Drink
"House of Lost Worlds: Dinosaurs, Dynasties, and the Story of Life on Earth",2,£,43.7,1812b8f5641287e3,3,0,History
House of Leaves,1,£,54.89,557c03c284be1bf2,3,0,Horror
Horrible Bear!,2,£,37.52,cc1ac978a6835ef6,3,0,Childrens
Holidays on Ice,2,£,51.07,0cb4856be3694a57,3,0,Humor
Heir to the Sky,4,£,44.07,b003f8bb02f76dc5,3,0,Fantasy
Green Eggs and Ham (Beginner Books B-16),4,£,10.79,621e2c310cec8d32,3,0,Childrens
"Grayson, Vol 3: Nemesis (Grayson #3)",1,£,42.72,4f6985aca357ae09,3,0,Sequential Art
Gratitude,5,£,26.66,c300cc9326592b65,3,0,Nonfiction
Gone Girl,5,£,37.6,d5c588b6f9c015e4,3,0,Default
Golden (Heart of Dread #3),4,£,42.21,984b3b6e7479b571,3,0,Young Adult
Girl in the Blue Coat,2,£,46.83,41fc5dce044f16f5,3,0,Historical Fiction
"Fruits Basket, Vol. 3 (Fruits Basket #3)",2,£,45.17,d5f5a122a593b580,3,0,Sequential Art
"Friday Night Lights: A Town, a Team, and a Dream",3,£,51.22,a9aa3ed5b316470b,3,0,Sports and Games
Fire Bound (Sea Haven/Sisters of the Heart #5),4,£,21.28,2ed3a794a70aa85f,3,0,Add a comment
Fifty Shades Freed (Fifty Shades #3),5,£,15.36,ed813a848580ba50,3,0,Adult Fiction
Fellside,1,£,38.62,147019cae600694e,3,0,Default
Extreme Prey (Lucas Davenport #26),3,£,25.4,588ba85ff11a3263,3,0,Mystery
Eragon (The Inheritance Cycle #1),3,£,43.87,b843f52a986a2914,3,0,Fantasy
Eclipse (Twilight #3),1,£,18.74,73f71f9556442117,3,0,Default
Dune (Dune #1),1,£,54.86,36d5884d44484277,3,0,Science Fiction
Dracula,3,£,52.62,a7ec599c1a547746,3,0,Default
Do Androids Dream of Electric Sheep? (Blade Runner #1),1,£,51.48,98330e431e56a9ea,3,0,Science Fiction
Disrupted: My Misadventure in the Start-Up Bubble,5,£,15.28,81372abc86f65c79,3,0,Nonfiction
Dead Wake: The Last Crossing of the Lusitania,5,£,39.24,04d858cdeeee0da4,3,0,Default
"David and Goliath: Underdogs, Misfits, and the Art of Battling Giants",1,£,17.81,d234ddecef49ef4e,3,0,Default
Darkfever (Fever #1),1,£,56.02,468bd274ac084bb9,3,0,Fantasy
Dark Places,5,£,23.9,66937c669c4da072,3,0,Default
Crazy Rich Asians (Crazy Rich Asians #1),5,£,49.13,c9782ad2a0ed9331,3,0,Fiction
Counting Thyme,1,£,10.62,157f693d9e600ccc,3,0,Childrens
Cosmos,2,£,36.17,dbe33cf29ef1623d,3,0,Add a comment
Civilization and Its Discontents,2,£,59.95,396385e3de5d18c3,3,0,Psychology
Cinder (The Lunar Chronicles #1),1,£,26.09,7e9579921e5407cb,3,0,Young Adult
Catastrophic Happiness: Finding Joy in Childhood's Messy Years,2,£,37.35,ef49db2aaa9bb547,3,0,Parenting
Career of Evil (Cormoran Strike #3),2,£,24.72,b461cf238506c5b8,3,0,Mystery
Breaking Dawn (Twilight #4),5,£,35.28,bbfc4a3b7b6c94a0,3,0,Default
Brave Enough,5,£,51.32,fd2337c1b73b686e,3,0,Nonfiction
Boy Meets Boy,3,£,21.12,8e0bc2fe4e7d35b5,3,0,Young Adult
"Born to Run: A Hidden Tribe, Superathletes, and the Greatest Race the World Has Never Seen",2,£,27.35,e256de8aa0c2115f,3,0,Nonfiction
Blink: The Power of Thinking Without Thinking,5,£,21.74,0bbc48294707ba96,3,0,Nonfiction
Black Flags: The Rise of ISIS,1,£,40.87,860318b8e244f39c,3,0,Nonfiction
"Black Butler, Vol. 1 (Black Butler #1)",1,£,49.31,15f415d436888b2d,3,0,Sequential Art
Big Little Lies,1,£,22.11,d3f9c4539c0caa64,3,0,Fiction
Between Shades of Gray,5,£,20.79,155e42df837ee5ff,3,0,Historical Fiction
Best of My Love (Fool's Gold #20),2,£,27.41,67dea6c75d6a1075,3,0,Romance
Beowulf,2,£,38.35,3fb69f34e178d494,3,0,Classics
Beautiful Creatures (Caster Chronicles #1),5,£,21.55,5439bae708bca198,3,0,Default
Awkward,2,£,38.02,1d89a2aa9f6ce50f,3,0,Sequential Art
Ash,4,£,22.06,5d22e2a46604b6e7,3,0,Fantasy
Are We There Yet?,3,£,10.66,ef9c4f2465513956,3,0,Childrens
Are We Smart Enough to Know How Smart Animals Are?,1,£,56.58,da0349a87c8caa2f,3,0,Nonfiction
Annie on My Mind,5,£,36.83,7bf87402413c27ff,3,0,Young Adult
And Then There Were None,2,£,35.01,cfe350b20d23b02b,3,0,Classics
A Walk in the Woods: Rediscovering America on the Appalachian Trail,4,£,30.48,bcee4f289ff6699c,3,0,Nonfiction
A Visit from the Goon Squad,5,£,14.08,5dbd6ec4e154ad2f,3,0,Default
A Storm of Swords (A Song of Ice and Fire #3),2,£,31.22,87beabf664115d79,3,0,Fantasy
A Heartbreaking Work of Staggering Genius,5,£,54.29,c9770bb1d5a492a0,3,0,Autobiography
8 Keys to Mental Health Through Exercise,1,£,31.04,f5873c8fc7760000,3,0,Psychology
#GIRLBOSS,1,£,50.96,165affa7adb5eded,3,0,Add a comment
"The Suffragettes (Little Black Classics, #96)",2,£,11.89,d2185b65af52d68c,2,0,Nonfiction
The Sense of an Ending,3,£,31.38,4130678275eb7c8c,2,0,Add a comment
"The Sandman, Vol. 2: The Doll's House (The Sandman (volumes) #2)",1,£,54.81,276dc716b1da8899,2,0,Sequential Art
The Course of Love,3,£,16.78,f3c76b53b239f511,2,0,Fiction
Sugar Rush (Offensive Line #2),1,£,24.42,ce42e3de94226b2b,2,0,Sports and Games
"Saga, Volume 2 (Saga (Collected Editions) #2)",3,£,11.75,9189fd009df41d0e,2,0,Sequential Art
"Run, Spot, Run: The Ethics of Keeping Pets",1,£,20.02,b0e479be03911916,2,0,Philosophy
New Moon (Twilight #2),4,£,12.86,6fa3ea52c8e31e06,2,0,Young Adult
Life,5,£,31.58,637e5a45062aa548,2,0,Music
Kindle Paperwhite User's Guide,3,£,34,fb495f9f9015a772,2,0,Nonfiction
H is for Hawk,5,£,57.42,b6d3f4f4ee1f6069,2,0,Nonfiction
Girl Online On Tour (Girl Online #2),1,£,53.47,97b8f130d32e9f4e,2,0,Young Adult
"Fruits Basket, Vol. 2 (Fruits Basket #2)",5,£,11.64,c0db71f6bb14db11,2,0,Sequential Art
Diary of a Minecraft Zombie Book 1: A Scare of a Dare (An Unofficial Minecraft Book),4,£,52.88,d7b463918d3b8c39,2,0,Childrens
"Y: The Last Man, Vol. 1: Unmanned (Y: The Last Man #1)",4,£,18.51,09d26b5f819c6a36,1,0,Sequential Art
While You Were Mine,5,£,41.32,8ceb5c6aed2c5f8b,1,0,Historical Fiction
Where Lightning Strikes (Bleeding Stars #3),3,£,39.77,def389ddfda6991b,1,0,Romance
When I'm Gone,3,£,51.96,c5f91eb481427dc5,1,0,Fiction
Ways of Seeing,5,£,39.51,66a4e422b212726a,1,0,Art
"Vampire Knight, Vol. 1 (Vampire Knight #1)",1,£,15.4,e7e87087b1a44711,1,0,Paranormal
Vampire Girl (Vampire Girl #1),2,£,53.82,dab5e75d1339706a,1,0,Fantasy
Twenty Love Poems and a Song of Despair,4,£,30.95,e63c3f25338baf9a,1,0,Poetry
Travels with Charley: In Search of America,5,£,57.82,0268f149d014b389,1,0,Nonfiction
Three Wishes (River of Time: California #1),2,£,44.18,460f97a346b44bac,1,0,Science Fiction
This One Moment (Pushing Limits #1),1,£,48.71,d6d98d3508c30f57,1,0,Romance
The Zombie Room,5,£,19.69,9c96cd1329fbd82d,1,0,Default
"The Wicked + The Divine, Vol. 1: The Faust Act (The Wicked + The Divine)",2,£,36.52,dac9d1e654fac737,1,0,Sequential Art
The Tumor,5,£,41.56,6514add13c82b115,1,0,Nonfiction
The Story of Hong Gildong,4,£,43.19,32d035df92ab9080,1,0,Classics
The Silent Wife,5,£,12.34,b78deb463531d078,1,0,Fiction
The Silent Twin (Detective Jennifer Knight #3),3,£,36.25,9e9932ae1a7d0943,1,0,Fantasy
The Selfish Gene,1,£,29.45,6f2c0a9adbb2bca9,1,0,Science
The Secret Healer,3,£,34.56,38f776ab9118aed7,1,0,Historical Fiction
"The Sandman, Vol. 1: Preludes and Nocturnes (The Sandman (volumes) #1)",3,£,54.12,5faefdc861684eb1,1,0,Sequential Art
The Republic,3,£,33.78,0ec9d2b018fb10d8,1,0,Add a comment
The Odyssey,3,£,29.64,f0512adadffd2480,1,0,Add a comment
The No. 1 Ladies' Detective Agency (No. 1 Ladies' Detective Agency #1),4,£,57.7,b0913e67d38d5ed5,1,0,Mystery
The Nicomachean Ethics,1,£,36.34,5c10b64db3e4f228,1,0,Philosophy
The Name of the Wind (The Kingkiller Chronicle #1),3,£,50.59,c8614adb1a90b027,1,0,Default
The Mirror & the Maze (The Wrath and the Dawn #1.5),1,£,29.38,c40b70e0f6d80189,1,0,Fantasy
The Little Prince,2,£,45.42,1aeca7d078d57deb,1,0,Classics
The Light of the Fireflies,1,£,54.43,04e43893e32f9d29,1,0,Add a comment
The Last Girl (The Dominion Trilogy #1),2,£,36.26,16c71736dae78764,1,0,Science Fiction
The Iliad,1,£,16.16,86d8bd7afa5b51b3,1,0,Add a comment
The Hook Up (Game On #1),5,£,36.29,6e473eff459e809f,1,0,New Adult
The Haters,5,£,27.89,fff8a057a40c4a60,1,0,Young Adult
The Girl You Lost,5,£,12.29,4280ac3eab57aa5d,1,0,Mystery
The Girl In The Ice (DCI Erika Foster #1),3,£,15.85,ee61197edb882599,1,0,Mystery
The End of the Jesus Era (An Investigation #1),1,£,14.4,09659d1639a1f978,1,0,Nonfiction
The Edge of Reason (Bridget Jones #2),4,£,19.18,29fc016c459aeb14,1,0,Womens Fiction
The Complete Maus (Maus #1-2),3,£,10.64,3301af038a720587,1,0,Sequential Art
The Communist Manifesto,3,£,14.76,18b4545a5ed15581,1,0,Add a comment
The Bhagavad Gita,3,£,57.49,f3a0b8c835129558,1,0,Religion
The Bette Davis Club,3,£,30.66,dfb0849016bc122c,1,0,Fiction
The Art of Not Breathing,4,£,40.83,5bc1fbccfbf2355c,1,0,Young Adult
Taking Shots (Assassins #1),2,£,18.88,a7eef9d6795422c1,1,0,Default
Starlark,3,£,25.83,e25164e5b3fe208b,1,0,Historical Fiction
"Skip Beat!, Vol. 01 (Skip Beat! #1)",3,£,42.12,2ac720f76384c57e,1,0,Sequential Art
Sister Sable (The Mad Queen #1),3,£,13.33,3a9a7c5895e82646,1,0,Fantasy
Shatter Me (Shatter Me #1),1,£,42.4,9ed7090d8fa690b0,1,0,Default
Shameless,3,£,58.35,c068c013d6921fea,1,0,New Adult
Shadow Rites (Jane Yellowrock #10),4,£,21.72,229cd6564bf0dce4,1,0,Fantasy
Settling the Score (The Summer Games #1),2,£,44.91,132adf7335bb384a,1,0,Sports and Games
Sense and Sensibility,1,£,37.46,35e44170702139a4,1,0,Classics
"Saga, Volume 1 (Saga (Collected Editions) #1)",1,£,28.48,4f64568dfefa3ce7,1,0,Sequential Art
"Rhythm, Chord & Malykhin",2,£,28.34,9efb397067eb7e8a,1,0,Romance
"Rat Queens, Vol. 1: Sass & Sorcery (Rat Queens (Collected Editions) #1-5)",5,£,46.96,3cdca3b4a93980f5,1,0,Sequential Art
Paradise Lost (Paradise #1),1,£,24.96,849db7ab7f4a640c,1,0,Default
"Paper Girls, Vol. 1 (Paper Girls #1-5)",4,£,21.71,bcbcbcf0f6ed196f,1,0,Sequential Art
"Ouran High School Host Club, Vol. 1 (Ouran High School Host Club #1)",3,£,29.87,326825e02a198cf6,1,0,Sequential Art
Origins (Alphas 0.5),1,£,28.99,8932e5c12f12ffed,1,0,Fantasy
One Second (Seven #7),2,£,52.94,7ea31f38675b91c1,1,0,Fantasy
On the Road (Duluoz Legend),3,£,32.36,9ff997ab15713e53,1,0,Default
Old Records Never Die: One Man's Quest for His Vinyl and His Past,2,£,55.66,a1985630339f4b3d,1,0,Music
Off Sides (Off #1),5,£,39.45,b6f1cfadc4dd79d4,1,0,New Adult
Of Mice and Men,2,£,47.11,39592d9d72e717c4,1,0,Classics
Myriad (Prentor #1),4,£,58.75,63e20a0f98218a87,1,0,Fantasy
My Perfect Mistake (Over the Top #1),2,£,38.92,fd78f89878479f56,1,0,Romance
"Ms. Marvel, Vol. 1: No Normal (Ms. Marvel (2014-2015) #1)",4,£,39.39,35a60467893aa168,1,0,Sequential Art
Meditations,2,£,25.89,4f19709e47883df5,1,0,Philosophy
Matilda,1,£,28.34,1053fb7ee17a1f33,1,0,Childrens
Lost Among the Living,4,£,27.7,d510567580c8be52,1,0,Historical Fiction
Lord of the Flies,3,£,24.89,71a6471bbdac21d9,1,0,Add a comment
Listen to Me (Fusion #1),3,£,58.99,6e712ea24e77bd96,1,0,Romance
Kitchens of the Great Midwest,5,£,57.2,06f6a57a6d532844,1,0,Fiction
Jane Eyre,5,£,38.43,8d390a1fc3133d06,1,0,Default
Imperfect Harmony,4,£,34.74,f28f7299d38c0932,1,0,Romance
Icing (Aces Hockey #2),4,£,40.44,3455b45888fb5053,1,0,Sports and Games
"Hawkeye, Vol. 1: My Life as a Weapon (Hawkeye #1)",3,£,45.24,6fe02600f322a0a9,1,0,Sequential Art
Having the Barbarian's Baby (Ice Planet Barbarians #7.5),4,£,34.96,6717a70913b3db79,1,0,Science Fiction
"Giant Days, Vol. 1 (Giant Days #1-4)",4,£,56.76,eb0fe24bbc845ecc,1,0,Sequential Art
"Fruits Basket, Vol. 1 (Fruits Basket #1)",5,£,40.28,72e6fbf4f6382557,1,0,Sequential Art
Frankenstein,2,£,38,a492f49a3e2b6a71,1,0,Default
Forever Rockers (The Rocker #12),3,£,28.8,e564c3f1a93ccf2e,1,0,Music
Fighting Fate (Fighting #6),3,£,39.24,6390772a3094939d,1,0,Romance
Emma,2,£,32.93,2e69730561ed70ad,1,0,Classics
"Eat, Pray, Love",3,£,51.32,df56868afd166557,1,0,Nonfiction
Deep Under (Walker Security #1),5,£,47.09,0072b94dfa30608e,1,0,Romance
Choosing Our Religion: The Spiritual Lives of America's Nones,4,£,28.42,a812f6969ddf3e39,1,0,Religion
Charlie and the Chocolate Factory (Charlie Bucket #1),3,£,22.85,1774749f2cee292f,1,0,Childrens
Charity's Cross (Charles Towne Belles #4),1,£,41.24,a96404cb928895f3,1,0,Romance
Bright Lines,5,£,39.07,230ac636ea0ea415,1,0,Fiction
Bridget Jones's Diary (Bridget Jones #1),1,£,29.82,a2b4b685dfa94733,1,0,Womens Fiction
Bounty (Colorado Mountain #7),4,£,37.26,abc0b15f2c907ff0,1,0,Romance
Blood Defense (Samantha Brinkman #1),3,£,20.3,95cdfd514098c38b,1,0,Mystery
"Bleach, Vol. 1: Strawberry and the Soul Reapers (Bleach #1)",5,£,34.65,099fae4a0705d63b,1,0,Sequential Art
Beyond Good and Evil,1,£,43.38,08672cd59171d5e4,1,0,Philosophy
Alice in Wonderland (Alice's Adventures in Wonderland #1),1,£,55.53,cd2a2a70dd5d176d,1,0,Classics
"Ajin: Demi-Human, Volume 1 (Ajin: Demi-Human #1)",4,£,57.06,bfd5e1701c862ac3,1,0,Sequential Art
A Spy's Devotion (The Regency Spies of London #1),5,£,16.97,19fec36a1dfb4c16,1,0,Historical Fiction
1st to Die (Women's Murder Club #1),1,£,53.98,f684a82adc49f011,1,0,Mystery
"1,000 Places to See Before You Die",5,£,26.08,228ba5e7577e1d49,1,0,Travel
